class_id,class_name,count,beit_base_patch16_224_acc,convnext_tiny_acc,resnet101_acc,ensemble_acc,best_individual,ensemble_gain
0,tench,17,0.9411764705882353,0.9411764705882353,0.9411764705882353,0.9411764705882353,0.9411764705882353,0.0
1,goldfish,27,1.0,0.9629629629629629,0.9259259259259259,0.9629629629629629,1.0,-0.03703703703703709
2,great white shark,17,0.9411764705882353,0.8235294117647058,0.8823529411764706,0.9411764705882353,0.9411764705882353,0.0
3,tiger shark,24,0.9166666666666666,0.9166666666666666,0.875,0.9166666666666666,0.9166666666666666,0.0
4,hammerhead,17,0.9411764705882353,0.8235294117647058,0.8823529411764706,0.9411764705882353,0.9411764705882353,0.0
5,electric ray,22,0.9090909090909091,0.9545454545454546,0.9090909090909091,0.9090909090909091,0.9545454545454546,-0.045454545454545525
6,stingray,17,1.0,1.0,0.8823529411764706,1.0,1.0,0.0
7,cock,13,0.9230769230769231,0.7692307692307693,0.8461538461538461,0.9230769230769231,0.9230769230769231,0.0
8,hen,24,0.9166666666666666,0.9166666666666666,0.8333333333333334,0.9166666666666666,0.9166666666666666,0.0
9,ostrich,24,1.0,1.0,1.0,1.0,1.0,0.0
10,brambling,20,0.95,0.95,0.95,0.95,0.95,0.0
11,goldfinch,25,1.0,1.0,1.0,1.0,1.0,0.0
12,house finch,20,1.0,1.0,1.0,1.0,1.0,0.0
13,junco,23,1.0,1.0,1.0,1.0,1.0,0.0
14,indigo bunting,18,0.9444444444444444,0.9444444444444444,0.9444444444444444,0.9444444444444444,0.9444444444444444,0.0
15,robin,28,1.0,1.0,1.0,1.0,1.0,0.0
16,bulbul,19,0.9473684210526315,0.9473684210526315,0.8421052631578947,0.9473684210526315,0.9473684210526315,0.0
17,jay,19,0.9473684210526315,0.9473684210526315,0.9473684210526315,0.9473684210526315,0.9473684210526315,0.0
18,magpie,21,0.9523809523809523,0.9523809523809523,1.0,1.0,1.0,0.0
19,chickadee,21,1.0,1.0,1.0,1.0,1.0,0.0
20,water ouzel,21,0.9523809523809523,0.9523809523809523,0.9523809523809523,0.9523809523809523,0.9523809523809523,0.0
21,kite,23,0.9565217391304348,1.0,0.8695652173913043,1.0,1.0,0.0
22,bald eagle,22,1.0,1.0,1.0,1.0,1.0,0.0
23,vulture,23,1.0,1.0,1.0,1.0,1.0,0.0
24,great grey owl,20,1.0,1.0,0.95,1.0,1.0,0.0
25,European fire salamander,20,1.0,1.0,1.0,1.0,1.0,0.0
26,common newt,23,0.782608695652174,0.6956521739130435,0.6956521739130435,0.6956521739130435,0.782608695652174,-0.08695652173913049
27,eft,18,0.6666666666666666,0.7222222222222222,0.6666666666666666,0.6666666666666666,0.7222222222222222,-0.05555555555555558
28,spotted salamander,20,1.0,0.9,0.95,0.95,1.0,-0.050000000000000044
29,axolotl,23,0.9130434782608695,0.9565217391304348,0.9565217391304348,0.9565217391304348,0.9565217391304348,0.0
30,bullfrog,25,0.88,0.84,0.8,0.8,0.88,-0.07999999999999996
31,tree frog,29,0.9655172413793104,0.9655172413793104,0.896551724137931,0.9655172413793104,0.9655172413793104,0.0
32,tailed frog,18,0.5555555555555556,0.6666666666666666,0.6666666666666666,0.6666666666666666,0.6666666666666666,0.0
33,loggerhead,18,0.8888888888888888,0.8888888888888888,0.8888888888888888,0.8888888888888888,0.8888888888888888,0.0
34,leatherback turtle,24,0.75,0.7916666666666666,0.7083333333333334,0.75,0.7916666666666666,-0.04166666666666663
35,mud turtle,24,0.625,0.625,0.5416666666666666,0.625,0.625,0.0
36,terrapin,17,0.5882352941176471,0.5294117647058824,0.5294117647058824,0.5294117647058824,0.5882352941176471,-0.05882352941176472
37,box turtle,27,0.8888888888888888,0.9629629629629629,0.9629629629629629,0.9259259259259259,0.9629629629629629,-0.03703703703703698
38,banded gecko,21,0.9047619047619048,0.8571428571428571,0.9523809523809523,0.9047619047619048,0.9523809523809523,-0.04761904761904756
39,common iguana,15,0.8666666666666667,0.8666666666666667,0.8,0.8666666666666667,0.8666666666666667,0.0
40,American chameleon,27,0.6296296296296297,0.7407407407407407,0.8148148148148148,0.7777777777777778,0.8148148148148148,-0.03703703703703698
41,whiptail,21,0.9047619047619048,0.9047619047619048,0.9047619047619048,0.9047619047619048,0.9047619047619048,0.0
42,agama,20,0.9,0.85,0.85,0.85,0.9,-0.050000000000000044
43,frilled lizard,21,0.9523809523809523,0.9523809523809523,0.9047619047619048,0.9523809523809523,0.9523809523809523,0.0
44,alligator lizard,26,0.7307692307692307,0.7307692307692307,0.7692307692307693,0.7307692307692307,0.7692307692307693,-0.03846153846153855
45,Gila monster,21,0.8571428571428571,0.8571428571428571,0.8571428571428571,0.8571428571428571,0.8571428571428571,0.0
46,green lizard,21,0.6666666666666666,0.5714285714285714,0.6190476190476191,0.6666666666666666,0.6666666666666666,0.0
47,African chameleon,22,0.9090909090909091,0.8636363636363636,0.9090909090909091,0.9090909090909091,0.9090909090909091,0.0
48,Komodo dragon,15,0.8666666666666667,0.8666666666666667,0.8666666666666667,0.8666666666666667,0.8666666666666667,0.0
49,African crocodile,25,0.92,0.88,0.92,0.92,0.92,0.0
50,American alligator,30,1.0,1.0,0.9666666666666667,1.0,1.0,0.0
51,triceratops,23,0.9565217391304348,0.9565217391304348,0.9565217391304348,0.9565217391304348,0.9565217391304348,0.0
52,thunder snake,21,0.8571428571428571,0.8095238095238095,0.8095238095238095,0.8571428571428571,0.8571428571428571,0.0
53,ringneck snake,26,0.9615384615384616,0.9230769230769231,0.9615384615384616,0.9615384615384616,0.9615384615384616,0.0
54,hognose snake,21,0.6666666666666666,0.7142857142857143,0.7142857142857143,0.6666666666666666,0.7142857142857143,-0.04761904761904767
55,green snake,22,0.6363636363636364,0.5909090909090909,0.5909090909090909,0.5909090909090909,0.6363636363636364,-0.045454545454545414
56,king snake,16,0.9375,0.9375,0.875,0.9375,0.9375,0.0
57,garter snake,24,0.9583333333333334,1.0,0.9166666666666666,0.9583333333333334,1.0,-0.04166666666666663
58,water snake,25,0.88,0.92,0.84,0.92,0.92,0.0
59,vine snake,14,0.7857142857142857,0.6428571428571429,0.6428571428571429,0.7142857142857143,0.7857142857142857,-0.0714285714285714
60,night snake,23,0.4782608695652174,0.5217391304347826,0.5652173913043478,0.5217391304347826,0.5652173913043478,-0.04347826086956519
61,boa constrictor,21,0.7619047619047619,0.7619047619047619,0.7142857142857143,0.8095238095238095,0.7619047619047619,0.04761904761904767
62,rock python,28,0.6428571428571429,0.6071428571428571,0.6428571428571429,0.6428571428571429,0.6428571428571429,0.0
63,Indian cobra,22,0.8636363636363636,0.9545454545454546,0.8636363636363636,0.9545454545454546,0.9545454545454546,0.0
64,green mamba,15,0.5333333333333333,0.7333333333333333,0.6666666666666666,0.6666666666666666,0.7333333333333333,-0.06666666666666665
65,sea snake,20,0.8,0.85,0.85,0.8,0.85,-0.04999999999999993
66,horned viper,20,0.65,0.55,0.6,0.65,0.65,0.0
67,diamondback,23,0.8695652173913043,0.8695652173913043,0.9130434782608695,0.9130434782608695,0.9130434782608695,0.0
68,sidewinder,21,0.3333333333333333,0.47619047619047616,0.3333333333333333,0.42857142857142855,0.47619047619047616,-0.047619047619047616
69,trilobite,26,0.9615384615384616,0.9615384615384616,0.9615384615384616,0.9615384615384616,0.9615384615384616,0.0
70,harvestman,20,0.95,1.0,0.95,1.0,1.0,0.0
71,scorpion,20,0.95,0.95,0.9,0.95,0.95,0.0
72,black and gold garden spider,24,0.9166666666666666,0.9583333333333334,0.9166666666666666,0.9583333333333334,0.9583333333333334,0.0
73,barn spider,17,0.5294117647058824,0.6470588235294118,0.6470588235294118,0.6470588235294118,0.6470588235294118,0.0
74,garden spider,15,0.5333333333333333,0.4666666666666667,0.4666666666666667,0.4666666666666667,0.5333333333333333,-0.06666666666666665
75,black widow,17,0.8823529411764706,0.8823529411764706,0.8235294117647058,0.8823529411764706,0.8823529411764706,0.0
76,tarantula,16,1.0,0.9375,0.9375,1.0,1.0,0.0
77,wolf spider,27,0.7777777777777778,0.7407407407407407,0.7777777777777778,0.7777777777777778,0.7777777777777778,0.0
78,tick,28,0.9285714285714286,0.8928571428571429,0.8928571428571429,0.9285714285714286,0.9285714285714286,0.0
79,centipede,21,0.9047619047619048,0.8571428571428571,0.8095238095238095,0.9047619047619048,0.9047619047619048,0.0
80,black grouse,18,0.8888888888888888,0.8888888888888888,0.9444444444444444,0.8888888888888888,0.9444444444444444,-0.05555555555555558
81,ptarmigan,21,0.9523809523809523,0.9523809523809523,0.9523809523809523,0.9523809523809523,0.9523809523809523,0.0
82,ruffed grouse,21,0.9523809523809523,0.9523809523809523,0.9523809523809523,0.9523809523809523,0.9523809523809523,0.0
83,prairie chicken,22,0.9545454545454546,0.9545454545454546,0.9545454545454546,0.9545454545454546,0.9545454545454546,0.0
84,peacock,23,0.9565217391304348,0.9565217391304348,0.9565217391304348,0.9565217391304348,0.9565217391304348,0.0
85,quail,24,0.9166666666666666,0.9583333333333334,0.9166666666666666,0.9166666666666666,0.9583333333333334,-0.04166666666666674
86,partridge,22,0.9090909090909091,0.9090909090909091,0.9090909090909091,0.9090909090909091,0.9090909090909091,0.0
87,African grey,26,1.0,1.0,1.0,1.0,1.0,0.0
88,macaw,23,1.0,1.0,1.0,1.0,1.0,0.0
89,sulphur-crested cockatoo,25,1.0,1.0,1.0,1.0,1.0,0.0
90,lorikeet,24,1.0,1.0,1.0,1.0,1.0,0.0
91,coucal,22,0.9545454545454546,0.9545454545454546,0.9545454545454546,0.9545454545454546,0.9545454545454546,0.0
92,bee eater,18,0.9444444444444444,0.9444444444444444,0.9444444444444444,0.9444444444444444,0.9444444444444444,0.0
93,hornbill,18,1.0,1.0,0.9444444444444444,1.0,1.0,0.0
94,hummingbird,20,0.95,1.0,0.95,0.95,1.0,-0.050000000000000044
95,jacamar,23,1.0,1.0,1.0,1.0,1.0,0.0
96,toucan,29,0.9655172413793104,0.896551724137931,0.9310344827586207,0.9655172413793104,0.9655172413793104,0.0
97,drake,25,1.0,0.96,0.96,0.96,1.0,-0.040000000000000036
98,red-breasted merganser,12,1.0,1.0,1.0,1.0,1.0,0.0
99,goose,20,0.95,1.0,0.9,0.95,1.0,-0.050000000000000044
100,black swan,25,1.0,1.0,1.0,1.0,1.0,0.0
101,tusker,26,0.8076923076923077,0.6923076923076923,0.6538461538461539,0.7692307692307693,0.8076923076923077,-0.038461538461538436
102,echidna,23,1.0,1.0,1.0,1.0,1.0,0.0
103,platypus,20,0.95,0.95,0.95,1.0,0.95,0.050000000000000044
104,wallaby,24,0.9583333333333334,0.9583333333333334,0.9166666666666666,0.9583333333333334,0.9583333333333334,0.0
105,koala,20,1.0,1.0,1.0,1.0,1.0,0.0
106,wombat,28,0.8571428571428571,0.8214285714285714,0.8214285714285714,0.8571428571428571,0.8571428571428571,0.0
107,jellyfish,15,1.0,0.9333333333333333,0.9333333333333333,1.0,1.0,0.0
108,sea anemone,18,0.5555555555555556,0.5555555555555556,0.6111111111111112,0.5555555555555556,0.6111111111111112,-0.05555555555555558
109,brain coral,23,0.9130434782608695,0.9130434782608695,0.9130434782608695,0.9130434782608695,0.9130434782608695,0.0
110,flatworm,23,0.9130434782608695,0.8695652173913043,0.9565217391304348,0.9565217391304348,0.9565217391304348,0.0
111,nematode,26,0.8846153846153846,0.9230769230769231,0.8076923076923077,0.8846153846153846,0.9230769230769231,-0.03846153846153855
112,conch,20,0.85,0.85,0.85,0.85,0.85,0.0
113,snail,21,0.9047619047619048,0.9047619047619048,0.8571428571428571,0.9047619047619048,0.9047619047619048,0.0
114,slug,24,0.9166666666666666,0.7916666666666666,0.8333333333333334,0.8333333333333334,0.9166666666666666,-0.08333333333333326
115,sea slug,21,1.0,1.0,0.9047619047619048,1.0,1.0,0.0
116,chiton,23,0.9565217391304348,0.9565217391304348,0.8695652173913043,0.9565217391304348,0.9565217391304348,0.0
117,chambered nautilus,27,0.9259259259259259,0.9259259259259259,0.8888888888888888,0.9259259259259259,0.9259259259259259,0.0
118,Dungeness crab,25,0.92,0.8,0.84,0.88,0.92,-0.040000000000000036
119,rock crab,24,0.75,0.75,0.7083333333333334,0.75,0.75,0.0
120,fiddler crab,26,0.7692307692307693,0.6538461538461539,0.7307692307692307,0.7692307692307693,0.7692307692307693,0.0
121,king crab,23,0.9130434782608695,0.8695652173913043,0.9130434782608695,0.9130434782608695,0.9130434782608695,0.0
122,American lobster,17,0.9411764705882353,0.9411764705882353,0.8823529411764706,0.9411764705882353,0.9411764705882353,0.0
123,spiny lobster,21,0.9523809523809523,0.9047619047619048,0.9523809523809523,0.9523809523809523,0.9523809523809523,0.0
124,crayfish,19,0.8947368421052632,0.8421052631578947,0.8947368421052632,0.8947368421052632,0.8947368421052632,0.0
125,hermit crab,29,0.9655172413793104,1.0,1.0,1.0,1.0,0.0
126,isopod,25,0.8,0.8,0.72,0.8,0.8,0.0
127,white stork,13,0.9230769230769231,0.9230769230769231,0.9230769230769231,0.9230769230769231,0.9230769230769231,0.0
128,black stork,26,0.8846153846153846,0.9230769230769231,0.8076923076923077,0.8846153846153846,0.9230769230769231,-0.03846153846153855
129,spoonbill,21,1.0,1.0,1.0,1.0,1.0,0.0
130,flamingo,23,1.0,1.0,1.0,1.0,1.0,0.0
131,little blue heron,17,0.8823529411764706,0.8823529411764706,0.8823529411764706,0.8823529411764706,0.8823529411764706,0.0
132,American egret,26,0.9230769230769231,0.9230769230769231,0.9230769230769231,0.9230769230769231,0.9230769230769231,0.0
133,bittern,26,0.9615384615384616,0.9615384615384616,0.9615384615384616,0.9615384615384616,0.9615384615384616,0.0
134,crane,23,0.8260869565217391,0.8260869565217391,0.8695652173913043,0.8260869565217391,0.8695652173913043,-0.04347826086956519
135,limpkin,29,1.0,0.9655172413793104,1.0,1.0,1.0,0.0
136,European gallinule,28,0.9642857142857143,0.9642857142857143,0.9642857142857143,0.9642857142857143,0.9642857142857143,0.0
137,American coot,19,0.9473684210526315,0.8947368421052632,0.9473684210526315,0.8947368421052632,0.9473684210526315,-0.05263157894736836
138,bustard,25,1.0,0.96,0.92,0.96,1.0,-0.040000000000000036
139,ruddy turnstone,12,1.0,1.0,1.0,1.0,1.0,0.0
140,red-backed sandpiper,24,0.875,0.9166666666666666,0.9166666666666666,0.875,0.9166666666666666,-0.04166666666666663
141,redshank,27,0.9259259259259259,0.9629629629629629,0.8888888888888888,0.9629629629629629,0.9629629629629629,0.0
142,dowitcher,24,0.9166666666666666,0.9166666666666666,0.875,0.9166666666666666,0.9166666666666666,0.0
143,oystercatcher,27,1.0,1.0,1.0,1.0,1.0,0.0
144,pelican,17,0.9411764705882353,0.9411764705882353,0.9411764705882353,0.9411764705882353,0.9411764705882353,0.0
145,king penguin,21,0.9523809523809523,0.9523809523809523,0.9523809523809523,0.9523809523809523,0.9523809523809523,0.0
146,albatross,27,1.0,0.9259259259259259,0.9629629629629629,1.0,1.0,0.0
147,grey whale,20,0.9,1.0,0.85,0.95,1.0,-0.050000000000000044
148,killer whale,24,1.0,0.9583333333333334,0.9583333333333334,1.0,1.0,0.0
149,dugong,25,0.88,0.88,0.88,0.92,0.88,0.040000000000000036
150,sea lion,21,0.9523809523809523,1.0,0.9047619047619048,0.9523809523809523,1.0,-0.04761904761904767
151,Chihuahua,29,0.7586206896551724,0.6896551724137931,0.6896551724137931,0.7241379310344828,0.7586206896551724,-0.03448275862068961
152,Japanese spaniel,18,0.8333333333333334,0.8333333333333334,0.7777777777777778,0.8333333333333334,0.8333333333333334,0.0
153,Maltese dog,18,0.8888888888888888,0.6666666666666666,0.8333333333333334,0.7222222222222222,0.8888888888888888,-0.16666666666666663
154,Pekinese,15,0.8,0.8,0.8666666666666667,0.8,0.8666666666666667,-0.06666666666666665
155,Shih-Tzu,19,0.7894736842105263,0.6842105263157895,0.7368421052631579,0.7368421052631579,0.7894736842105263,-0.052631578947368474
156,Blenheim spaniel,16,1.0,1.0,1.0,1.0,1.0,0.0
157,papillon,23,1.0,1.0,1.0,1.0,1.0,0.0
158,toy terrier,16,0.5625,0.5625,0.75,0.625,0.75,-0.125
159,Rhodesian ridgeback,27,0.9259259259259259,0.7777777777777778,0.8518518518518519,0.8888888888888888,0.9259259259259259,-0.03703703703703709
160,Afghan hound,25,1.0,1.0,0.96,1.0,1.0,0.0
161,basset,18,0.8888888888888888,0.8888888888888888,0.8888888888888888,0.8888888888888888,0.8888888888888888,0.0
162,beagle,21,1.0,0.9523809523809523,0.8571428571428571,1.0,1.0,0.0
163,bloodhound,22,0.5909090909090909,0.5909090909090909,0.5454545454545454,0.5909090909090909,0.5909090909090909,0.0
164,bluetick,22,0.9090909090909091,0.9090909090909091,0.9545454545454546,0.9545454545454546,0.9545454545454546,0.0
165,black-and-tan coonhound,23,0.6521739130434783,0.6956521739130435,0.6956521739130435,0.7391304347826086,0.6956521739130435,0.04347826086956519
166,Walker hound,22,0.8181818181818182,0.7727272727272727,0.7727272727272727,0.8636363636363636,0.8181818181818182,0.045454545454545414
167,English foxhound,22,0.5,0.36363636363636365,0.36363636363636365,0.45454545454545453,0.5,-0.04545454545454547
168,redbone,21,0.9047619047619048,0.9047619047619048,0.9047619047619048,0.9047619047619048,0.9047619047619048,0.0
169,borzoi,24,1.0,0.9166666666666666,1.0,1.0,1.0,0.0
170,Irish wolfhound,20,0.75,0.65,0.65,0.65,0.75,-0.09999999999999998
171,Italian greyhound,21,0.9523809523809523,0.9523809523809523,1.0,1.0,1.0,0.0
172,whippet,20,0.85,0.8,0.8,0.8,0.85,-0.04999999999999993
173,Ibizan hound,21,0.7619047619047619,0.7142857142857143,0.7619047619047619,0.7619047619047619,0.7619047619047619,0.0
174,Norwegian elkhound,22,0.9090909090909091,1.0,0.9090909090909091,0.9545454545454546,1.0,-0.045454545454545414
175,otterhound,20,0.75,0.85,0.8,0.9,0.85,0.050000000000000044
176,Saluki,20,0.8,0.9,0.85,0.9,0.9,0.0
177,Scottish deerhound,17,1.0,1.0,0.9411764705882353,1.0,1.0,0.0
178,Weimaraner,18,1.0,1.0,1.0,1.0,1.0,0.0
179,Staffordshire bullterrier,20,0.85,0.8,0.8,0.85,0.85,0.0
180,American Staffordshire terrier,21,0.7142857142857143,0.6190476190476191,0.6666666666666666,0.7142857142857143,0.7142857142857143,0.0
181,Bedlington terrier,14,1.0,1.0,1.0,1.0,1.0,0.0
182,Border terrier,18,0.9444444444444444,0.9444444444444444,0.9444444444444444,0.9444444444444444,0.9444444444444444,0.0
183,Kerry blue terrier,26,0.8076923076923077,0.9230769230769231,0.9230769230769231,0.9230769230769231,0.9230769230769231,0.0
184,Irish terrier,22,0.8636363636363636,0.5454545454545454,0.8181818181818182,0.8181818181818182,0.8636363636363636,-0.045454545454545414
185,Norfolk terrier,21,0.7619047619047619,0.8571428571428571,0.8095238095238095,0.8095238095238095,0.8571428571428571,-0.04761904761904756
186,Norwich terrier,18,0.6666666666666666,0.6111111111111112,0.8888888888888888,0.6666666666666666,0.8888888888888888,-0.2222222222222222
187,Yorkshire terrier,20,0.75,0.75,0.6,0.8,0.75,0.050000000000000044
188,wire-haired fox terrier,24,0.8333333333333334,0.75,0.875,0.8333333333333334,0.875,-0.04166666666666663
189,Lakeland terrier,28,0.8571428571428571,0.7857142857142857,0.8214285714285714,0.8214285714285714,0.8571428571428571,-0.0357142857142857
190,Sealyham terrier,22,0.9545454545454546,0.9545454545454546,0.8636363636363636,0.9545454545454546,0.9545454545454546,0.0
191,Airedale,21,0.9523809523809523,0.9047619047619048,0.9047619047619048,0.9523809523809523,0.9523809523809523,0.0
192,cairn,21,0.8571428571428571,0.7619047619047619,0.8095238095238095,0.7619047619047619,0.8571428571428571,-0.09523809523809523
193,Australian terrier,22,0.5454545454545454,0.5,0.5909090909090909,0.5909090909090909,0.5909090909090909,0.0
194,Dandie Dinmont,22,0.8636363636363636,0.9090909090909091,0.8181818181818182,0.9090909090909091,0.9090909090909091,0.0
195,Boston bull,18,1.0,0.9444444444444444,0.9444444444444444,1.0,1.0,0.0
196,miniature schnauzer,32,0.6875,0.71875,0.71875,0.6875,0.71875,-0.03125
197,giant schnauzer,18,0.8888888888888888,0.8888888888888888,0.9444444444444444,0.8888888888888888,0.9444444444444444,-0.05555555555555558
198,standard schnauzer,22,0.9090909090909091,0.9090909090909091,0.9090909090909091,0.9090909090909091,0.9090909090909091,0.0
199,Scotch terrier,22,0.8181818181818182,0.7727272727272727,0.6818181818181818,0.7727272727272727,0.8181818181818182,-0.045454545454545525
200,Tibetan terrier,22,0.8181818181818182,0.8636363636363636,0.8636363636363636,0.9090909090909091,0.8636363636363636,0.045454545454545414
201,silky terrier,22,0.8181818181818182,0.7272727272727273,0.8181818181818182,0.7727272727272727,0.8181818181818182,-0.045454545454545525
202,soft-coated wheaten terrier,18,0.7222222222222222,0.5555555555555556,0.7222222222222222,0.7222222222222222,0.7222222222222222,0.0
203,West Highland white terrier,17,0.9411764705882353,0.9411764705882353,0.8823529411764706,0.9411764705882353,0.9411764705882353,0.0
204,Lhasa,18,0.6666666666666666,0.6666666666666666,0.8333333333333334,0.7777777777777778,0.8333333333333334,-0.05555555555555558
205,flat-coated retriever,22,0.8181818181818182,0.9090909090909091,0.9090909090909091,0.9090909090909091,0.9090909090909091,0.0
206,curly-coated retriever,20,0.95,1.0,0.95,0.95,1.0,-0.050000000000000044
207,golden retriever,22,0.8636363636363636,0.9545454545454546,0.8636363636363636,0.9090909090909091,0.9545454545454546,-0.045454545454545525
208,Labrador retriever,26,0.9615384615384616,0.9230769230769231,0.8846153846153846,0.9615384615384616,0.9615384615384616,0.0
209,Chesapeake Bay retriever,29,0.8620689655172413,0.896551724137931,0.9310344827586207,0.896551724137931,0.9310344827586207,-0.03448275862068961
210,German short-haired pointer,28,0.9642857142857143,0.9642857142857143,0.9642857142857143,0.9642857142857143,0.9642857142857143,0.0
211,vizsla,25,0.88,0.84,0.88,0.88,0.88,0.0
212,English setter,21,1.0,0.9523809523809523,1.0,1.0,1.0,0.0
213,Irish setter,19,0.7368421052631579,0.7368421052631579,0.7894736842105263,0.7894736842105263,0.7894736842105263,0.0
214,Gordon setter,15,0.9333333333333333,0.9333333333333333,0.9333333333333333,0.9333333333333333,0.9333333333333333,0.0
215,Brittany spaniel,26,0.9615384615384616,0.9615384615384616,0.9615384615384616,0.9615384615384616,0.9615384615384616,0.0
216,clumber,20,0.95,0.95,0.95,0.95,0.95,0.0
217,English springer,27,1.0,1.0,1.0,1.0,1.0,0.0
218,Welsh springer spaniel,18,0.9444444444444444,0.8888888888888888,0.9444444444444444,0.9444444444444444,0.9444444444444444,0.0
219,cocker spaniel,18,1.0,0.8888888888888888,0.9444444444444444,1.0,1.0,0.0
220,Sussex spaniel,29,0.7931034482758621,0.7586206896551724,0.7586206896551724,0.7931034482758621,0.7931034482758621,0.0
221,Irish water spaniel,21,0.9523809523809523,0.9523809523809523,1.0,1.0,1.0,0.0
222,kuvasz,26,0.7692307692307693,0.6538461538461539,0.7307692307692307,0.7307692307692307,0.7692307692307693,-0.03846153846153855
223,schipperke,22,0.9090909090909091,0.9545454545454546,0.8636363636363636,0.9545454545454546,0.9545454545454546,0.0
224,groenendael,26,0.8461538461538461,0.8461538461538461,0.8846153846153846,0.8461538461538461,0.8846153846153846,-0.038461538461538436
225,malinois,22,0.9090909090909091,1.0,0.8636363636363636,0.9545454545454546,1.0,-0.045454545454545414
226,briard,22,0.6818181818181818,0.7272727272727273,0.7272727272727273,0.7727272727272727,0.7272727272727273,0.045454545454545414
227,kelpie,21,0.7142857142857143,0.8095238095238095,0.7619047619047619,0.7619047619047619,0.8095238095238095,-0.04761904761904767
228,komondor,27,0.9259259259259259,0.8888888888888888,0.8888888888888888,0.9629629629629629,0.9259259259259259,0.03703703703703698
229,Old English sheepdog,22,0.9090909090909091,0.9545454545454546,0.9090909090909091,0.9090909090909091,0.9545454545454546,-0.045454545454545525
230,Shetland sheepdog,26,0.9615384615384616,0.8461538461538461,0.8076923076923077,0.8461538461538461,0.9615384615384616,-0.11538461538461542
231,collie,29,0.5517241379310345,0.5862068965517241,0.5862068965517241,0.5862068965517241,0.5862068965517241,0.0
232,Border collie,23,0.782608695652174,0.8695652173913043,0.9565217391304348,0.9130434782608695,0.9565217391304348,-0.0434782608695653
233,Bouvier des Flandres,22,0.9090909090909091,0.7727272727272727,0.8181818181818182,0.8636363636363636,0.9090909090909091,-0.045454545454545414
234,Rottweiler,23,0.9565217391304348,0.9565217391304348,0.9565217391304348,0.9565217391304348,0.9565217391304348,0.0
235,German shepherd,26,0.8461538461538461,0.8846153846153846,0.9230769230769231,0.8846153846153846,0.9230769230769231,-0.03846153846153855
236,Doberman,17,0.8823529411764706,0.8823529411764706,0.8823529411764706,0.8823529411764706,0.8823529411764706,0.0
237,miniature pinscher,26,0.8076923076923077,0.8461538461538461,0.8076923076923077,0.8076923076923077,0.8461538461538461,-0.038461538461538436
238,Greater Swiss Mountain dog,21,0.8095238095238095,0.8095238095238095,0.8095238095238095,0.8095238095238095,0.8095238095238095,0.0
239,Bernese mountain dog,22,1.0,1.0,1.0,1.0,1.0,0.0
240,Appenzeller,16,0.1875,0.5,0.3125,0.375,0.5,-0.125
241,EntleBucher,25,0.76,0.8,0.8,0.84,0.8,0.039999999999999925
242,boxer,22,0.7272727272727273,0.6818181818181818,0.7727272727272727,0.7727272727272727,0.7727272727272727,0.0
243,bull mastiff,23,0.8695652173913043,0.8260869565217391,0.782608695652174,0.8695652173913043,0.8695652173913043,0.0
244,Tibetan mastiff,26,0.9615384615384616,0.8846153846153846,0.8846153846153846,0.9615384615384616,0.9615384615384616,0.0
245,French bulldog,24,0.9166666666666666,0.9166666666666666,0.9583333333333334,0.9166666666666666,0.9583333333333334,-0.04166666666666674
246,Great Dane,20,0.7,0.7,0.65,0.75,0.7,0.050000000000000044
247,Saint Bernard,20,0.95,1.0,0.95,0.95,1.0,-0.050000000000000044
248,Eskimo dog,20,0.6,0.55,0.45,0.6,0.6,0.0
249,malamute,25,0.84,0.8,0.8,0.84,0.84,0.0
250,Siberian husky,18,0.6666666666666666,0.7777777777777778,0.6111111111111112,0.7222222222222222,0.7777777777777778,-0.05555555555555558
251,dalmatian,20,1.0,1.0,1.0,1.0,1.0,0.0
252,affenpinscher,21,0.9523809523809523,0.9047619047619048,0.9047619047619048,0.9047619047619048,0.9523809523809523,-0.04761904761904756
253,basenji,16,0.9375,0.875,0.875,0.875,0.9375,-0.0625
254,pug,17,1.0,1.0,1.0,1.0,1.0,0.0
255,Leonberg,27,1.0,1.0,1.0,1.0,1.0,0.0
256,Newfoundland,21,0.8571428571428571,0.9047619047619048,0.8571428571428571,0.8571428571428571,0.9047619047619048,-0.04761904761904767
257,Great Pyrenees,19,0.8421052631578947,0.9473684210526315,0.8421052631578947,0.8947368421052632,0.9473684210526315,-0.05263157894736836
258,Samoyed,22,0.9545454545454546,1.0,0.9545454545454546,1.0,1.0,0.0
259,Pomeranian,21,1.0,1.0,1.0,1.0,1.0,0.0
260,chow,23,0.9565217391304348,0.9130434782608695,1.0,0.9565217391304348,1.0,-0.04347826086956519
261,keeshond,24,1.0,1.0,1.0,1.0,1.0,0.0
262,Brabancon griffon,24,0.9166666666666666,0.9583333333333334,0.9583333333333334,0.9583333333333334,0.9583333333333334,0.0
263,Pembroke,15,1.0,1.0,0.9333333333333333,1.0,1.0,0.0
264,Cardigan,24,0.7083333333333334,0.5833333333333334,0.75,0.7083333333333334,0.75,-0.04166666666666663
265,toy poodle,28,0.6785714285714286,0.8571428571428571,0.7142857142857143,0.7142857142857143,0.8571428571428571,-0.1428571428571428
266,miniature poodle,27,0.5185185185185185,0.48148148148148145,0.5925925925925926,0.5185185185185185,0.5925925925925926,-0.07407407407407407
267,standard poodle,16,1.0,0.875,0.9375,0.9375,1.0,-0.0625
268,Mexican hairless,17,1.0,0.9411764705882353,0.9411764705882353,0.9411764705882353,1.0,-0.05882352941176472
269,timber wolf,20,0.85,0.8,0.75,0.85,0.85,0.0
270,white wolf,23,0.9130434782608695,0.9130434782608695,0.9130434782608695,0.9565217391304348,0.9130434782608695,0.0434782608695653
271,red wolf,20,0.6,0.7,0.7,0.7,0.7,0.0
272,coyote,22,0.7272727272727273,0.6818181818181818,0.6818181818181818,0.7272727272727273,0.7272727272727273,0.0
273,dingo,17,0.7647058823529411,0.7647058823529411,0.8235294117647058,0.7647058823529411,0.8235294117647058,-0.05882352941176472
274,dhole,19,0.8947368421052632,0.8947368421052632,0.8947368421052632,0.8947368421052632,0.8947368421052632,0.0
275,African hunting dog,23,1.0,1.0,1.0,1.0,1.0,0.0
276,hyena,11,0.9090909090909091,0.9090909090909091,0.9090909090909091,0.9090909090909091,0.9090909090909091,0.0
277,red fox,25,0.76,0.72,0.72,0.76,0.76,0.0
278,kit fox,19,0.7368421052631579,0.7368421052631579,0.6842105263157895,0.6842105263157895,0.7368421052631579,-0.05263157894736836
279,Arctic fox,20,1.0,1.0,0.95,1.0,1.0,0.0
280,grey fox,24,0.7916666666666666,0.7916666666666666,0.75,0.75,0.7916666666666666,-0.04166666666666663
281,tabby,22,0.6363636363636364,0.6818181818181818,0.6363636363636364,0.6818181818181818,0.6818181818181818,0.0
282,tiger cat,21,0.19047619047619047,0.23809523809523808,0.2857142857142857,0.23809523809523808,0.2857142857142857,-0.047619047619047616
283,Persian cat,25,0.96,0.88,0.96,0.92,0.96,-0.039999999999999925
284,Siamese cat,28,0.9642857142857143,0.9285714285714286,0.9642857142857143,0.9642857142857143,0.9642857142857143,0.0
285,Egyptian cat,18,0.5,0.7222222222222222,0.7222222222222222,0.6666666666666666,0.7222222222222222,-0.05555555555555558
286,cougar,23,0.9130434782608695,0.9130434782608695,0.9130434782608695,0.9130434782608695,0.9130434782608695,0.0
287,lynx,25,0.88,0.88,0.88,0.88,0.88,0.0
288,leopard,21,0.9523809523809523,0.9047619047619048,0.8571428571428571,0.9047619047619048,0.9523809523809523,-0.04761904761904756
289,snow leopard,19,0.9473684210526315,0.8947368421052632,0.8421052631578947,0.8947368421052632,0.9473684210526315,-0.05263157894736836
290,jaguar,16,0.8125,0.75,0.8125,0.8125,0.8125,0.0
291,lion,15,1.0,1.0,1.0,1.0,1.0,0.0
292,tiger,24,0.9583333333333334,0.9583333333333334,0.9583333333333334,0.9583333333333334,0.9583333333333334,0.0
293,cheetah,22,1.0,1.0,1.0,1.0,1.0,0.0
294,brown bear,21,0.9523809523809523,0.9047619047619048,0.9047619047619048,0.9523809523809523,0.9523809523809523,0.0
295,American black bear,17,0.9411764705882353,0.9411764705882353,0.8823529411764706,0.9411764705882353,0.9411764705882353,0.0
296,ice bear,23,0.9130434782608695,0.9130434782608695,0.9565217391304348,0.9130434782608695,0.9565217391304348,-0.0434782608695653
297,sloth bear,25,0.72,0.76,0.72,0.76,0.76,0.0
298,mongoose,26,0.8076923076923077,0.7692307692307693,0.7692307692307693,0.7692307692307693,0.8076923076923077,-0.038461538461538436
299,meerkat,23,1.0,1.0,1.0,1.0,1.0,0.0
300,tiger beetle,25,1.0,1.0,0.96,0.96,1.0,-0.040000000000000036
301,ladybug,27,0.9259259259259259,0.9259259259259259,0.8888888888888888,0.9259259259259259,0.9259259259259259,0.0
302,ground beetle,19,0.7894736842105263,0.8421052631578947,0.8421052631578947,0.8421052631578947,0.8421052631578947,0.0
303,long-horned beetle,22,0.9545454545454546,0.8636363636363636,0.9545454545454546,0.9545454545454546,0.9545454545454546,0.0
304,leaf beetle,19,0.5789473684210527,0.5263157894736842,0.6842105263157895,0.631578947368421,0.6842105263157895,-0.052631578947368474
305,dung beetle,17,0.9411764705882353,0.9411764705882353,0.8823529411764706,0.9411764705882353,0.9411764705882353,0.0
306,rhinoceros beetle,23,0.9130434782608695,0.9130434782608695,0.9130434782608695,0.9130434782608695,0.9130434782608695,0.0
307,weevil,14,0.9285714285714286,0.8571428571428571,0.9285714285714286,0.9285714285714286,0.9285714285714286,0.0
308,fly,23,0.8695652173913043,0.8695652173913043,0.9130434782608695,0.9130434782608695,0.9130434782608695,0.0
309,bee,25,0.84,0.88,0.84,0.84,0.88,-0.040000000000000036
310,ant,21,0.9047619047619048,0.8571428571428571,0.8095238095238095,0.9047619047619048,0.9047619047619048,0.0
311,grasshopper,25,0.68,0.72,0.64,0.72,0.72,0.0
312,cricket,24,0.6666666666666666,0.7083333333333334,0.75,0.6666666666666666,0.75,-0.08333333333333337
313,walking stick,22,0.8636363636363636,0.8181818181818182,0.8181818181818182,0.8636363636363636,0.8636363636363636,0.0
314,cockroach,20,0.8,0.85,0.85,0.8,0.85,-0.04999999999999993
315,mantis,21,0.9523809523809523,1.0,0.9523809523809523,0.9523809523809523,1.0,-0.04761904761904767
316,cicada,24,1.0,1.0,0.9166666666666666,1.0,1.0,0.0
317,leafhopper,24,0.9583333333333334,0.9166666666666666,0.875,0.9166666666666666,0.9583333333333334,-0.04166666666666674
318,lacewing,22,0.8636363636363636,0.8636363636363636,0.9090909090909091,0.8636363636363636,0.9090909090909091,-0.045454545454545414
319,dragonfly,23,0.8260869565217391,0.8260869565217391,0.8695652173913043,0.8260869565217391,0.8695652173913043,-0.04347826086956519
320,damselfly,19,0.8947368421052632,0.9473684210526315,0.9473684210526315,0.9473684210526315,0.9473684210526315,0.0
321,admiral,28,1.0,1.0,1.0,1.0,1.0,0.0
322,ringlet,23,1.0,1.0,1.0,1.0,1.0,0.0
323,monarch,18,1.0,1.0,1.0,1.0,1.0,0.0
324,cabbage butterfly,22,0.9545454545454546,0.9545454545454546,0.9545454545454546,0.9545454545454546,0.9545454545454546,0.0
325,sulphur butterfly,24,1.0,1.0,1.0,1.0,1.0,0.0
326,lycaenid,22,0.9545454545454546,1.0,1.0,1.0,1.0,0.0
327,starfish,18,1.0,1.0,1.0,1.0,1.0,0.0
328,sea urchin,21,0.9047619047619048,0.9047619047619048,0.8571428571428571,0.9047619047619048,0.9047619047619048,0.0
329,sea cucumber,16,0.9375,0.8125,0.75,0.8125,0.9375,-0.125
330,wood rabbit,21,0.8095238095238095,0.7619047619047619,0.7619047619047619,0.7619047619047619,0.8095238095238095,-0.04761904761904767
331,hare,23,0.8695652173913043,0.8695652173913043,0.8695652173913043,0.8695652173913043,0.8695652173913043,0.0
332,Angora,19,1.0,0.9473684210526315,0.9473684210526315,0.9473684210526315,1.0,-0.052631578947368474
333,hamster,22,1.0,1.0,1.0,1.0,1.0,0.0
334,porcupine,21,0.9523809523809523,0.9523809523809523,0.9523809523809523,0.9523809523809523,0.9523809523809523,0.0
335,fox squirrel,21,1.0,1.0,1.0,1.0,1.0,0.0
336,marmot,28,1.0,0.9642857142857143,0.9642857142857143,1.0,1.0,0.0
337,beaver,18,0.8333333333333334,0.8333333333333334,0.8888888888888888,0.8333333333333334,0.8888888888888888,-0.05555555555555547
338,guinea pig,23,0.9565217391304348,0.9130434782608695,0.9565217391304348,0.9130434782608695,0.9565217391304348,-0.0434782608695653
339,sorrel,23,1.0,1.0,0.9565217391304348,1.0,1.0,0.0
340,zebra,20,1.0,1.0,1.0,1.0,1.0,0.0
341,hog,25,0.72,0.72,0.72,0.76,0.72,0.040000000000000036
342,wild boar,25,0.92,0.88,0.88,0.88,0.92,-0.040000000000000036
343,warthog,20,1.0,1.0,1.0,1.0,1.0,0.0
344,hippopotamus,28,1.0,0.9642857142857143,1.0,1.0,1.0,0.0
345,ox,26,0.7307692307692307,0.7307692307692307,0.6153846153846154,0.7307692307692307,0.7307692307692307,0.0
346,water buffalo,20,1.0,1.0,1.0,1.0,1.0,0.0
347,bison,26,0.9615384615384616,0.9615384615384616,0.9615384615384616,1.0,0.9615384615384616,0.038461538461538436
348,ram,26,0.8461538461538461,0.7307692307692307,0.6923076923076923,0.7692307692307693,0.8461538461538461,-0.07692307692307687
349,bighorn,20,0.65,0.7,0.8,0.65,0.8,-0.15000000000000002
350,ibex,22,0.9545454545454546,0.9545454545454546,0.9545454545454546,0.9545454545454546,0.9545454545454546,0.0
351,hartebeest,22,1.0,0.9545454545454546,1.0,1.0,1.0,0.0
352,impala,25,0.92,0.92,0.88,0.92,0.92,0.0
353,gazelle,19,0.7368421052631579,0.6842105263157895,0.6842105263157895,0.7368421052631579,0.7368421052631579,0.0
354,Arabian camel,24,1.0,1.0,1.0,1.0,1.0,0.0
355,llama,14,1.0,1.0,1.0,1.0,1.0,0.0
356,weasel,22,0.45454545454545453,0.5,0.45454545454545453,0.5,0.5,0.0
357,mink,30,0.9333333333333333,0.9333333333333333,0.8666666666666667,0.9666666666666667,0.9333333333333333,0.033333333333333326
358,polecat,29,0.7241379310344828,0.5862068965517241,0.5517241379310345,0.6896551724137931,0.7241379310344828,-0.03448275862068961
359,black-footed ferret,28,0.7857142857142857,0.7857142857142857,0.8214285714285714,0.7857142857142857,0.8214285714285714,-0.0357142857142857
360,otter,24,1.0,0.9583333333333334,0.875,1.0,1.0,0.0
361,skunk,24,1.0,1.0,1.0,1.0,1.0,0.0
362,badger,23,0.9565217391304348,0.8695652173913043,0.9130434782608695,0.9130434782608695,0.9565217391304348,-0.0434782608695653
363,armadillo,14,0.9285714285714286,0.8571428571428571,0.9285714285714286,0.9285714285714286,0.9285714285714286,0.0
364,three-toed sloth,26,1.0,1.0,1.0,1.0,1.0,0.0
365,orangutan,21,0.8571428571428571,0.8571428571428571,0.9047619047619048,0.9047619047619048,0.9047619047619048,0.0
366,gorilla,26,0.9230769230769231,0.9230769230769231,0.8846153846153846,0.9230769230769231,0.9230769230769231,0.0
367,chimpanzee,22,0.9090909090909091,0.9090909090909091,0.9090909090909091,0.9545454545454546,0.9090909090909091,0.045454545454545525
368,gibbon,21,0.9047619047619048,0.9047619047619048,0.9523809523809523,0.9523809523809523,0.9523809523809523,0.0
369,siamang,24,0.8333333333333334,0.7916666666666666,0.7916666666666666,0.8333333333333334,0.8333333333333334,0.0
370,guenon,23,0.9130434782608695,0.9130434782608695,0.9130434782608695,0.9130434782608695,0.9130434782608695,0.0
371,patas,27,0.7777777777777778,0.7777777777777778,0.7777777777777778,0.7777777777777778,0.7777777777777778,0.0
372,baboon,21,0.9523809523809523,0.9523809523809523,1.0,0.9523809523809523,1.0,-0.04761904761904767
373,macaque,23,0.782608695652174,0.782608695652174,0.8695652173913043,0.8260869565217391,0.8695652173913043,-0.04347826086956519
374,langur,21,0.8571428571428571,0.8571428571428571,0.8095238095238095,0.9047619047619048,0.8571428571428571,0.04761904761904767
375,colobus,23,1.0,0.9565217391304348,1.0,1.0,1.0,0.0
376,proboscis monkey,26,1.0,1.0,1.0,1.0,1.0,0.0
377,marmoset,20,0.8,0.8,0.85,0.75,0.85,-0.09999999999999998
378,capuchin,30,0.9,0.9333333333333333,0.9333333333333333,0.9,0.9333333333333333,-0.033333333333333326
379,howler monkey,17,0.9411764705882353,0.8823529411764706,0.9411764705882353,0.9411764705882353,0.9411764705882353,0.0
380,titi,20,0.7,0.7,0.8,0.75,0.8,-0.050000000000000044
381,spider monkey,22,0.5909090909090909,0.6363636363636364,0.6363636363636364,0.6363636363636364,0.6363636363636364,0.0
382,squirrel monkey,24,0.7916666666666666,0.75,0.75,0.7916666666666666,0.7916666666666666,0.0
383,Madagascar cat,20,0.85,0.7,0.85,0.8,0.85,-0.04999999999999993
384,indri,19,1.0,1.0,0.9473684210526315,1.0,1.0,0.0
385,Indian elephant,23,0.6956521739130435,0.6521739130434783,0.782608695652174,0.7391304347826086,0.782608695652174,-0.0434782608695653
386,African elephant,22,0.6363636363636364,0.7727272727272727,0.5909090909090909,0.7727272727272727,0.7727272727272727,0.0
387,lesser panda,20,0.85,0.85,0.85,0.85,0.85,0.0
388,giant panda,23,0.9565217391304348,0.9565217391304348,0.9565217391304348,0.9565217391304348,0.9565217391304348,0.0
389,barracouta,21,0.8571428571428571,0.8571428571428571,0.8571428571428571,0.9047619047619048,0.8571428571428571,0.04761904761904767
390,eel,25,0.92,0.84,0.84,0.88,0.92,-0.040000000000000036
391,coho,27,1.0,0.9629629629629629,0.9259259259259259,1.0,1.0,0.0
392,rock beauty,23,0.9565217391304348,0.9565217391304348,0.9565217391304348,0.9565217391304348,0.9565217391304348,0.0
393,anemone fish,21,0.9047619047619048,0.9523809523809523,0.9523809523809523,0.9523809523809523,0.9523809523809523,0.0
394,sturgeon,23,0.9565217391304348,0.9565217391304348,0.9565217391304348,0.9565217391304348,0.9565217391304348,0.0
395,gar,16,0.9375,0.8125,0.8125,0.875,0.9375,-0.0625
396,lionfish,25,0.96,0.96,0.96,0.96,0.96,0.0
397,puffer,22,1.0,1.0,0.9545454545454546,1.0,1.0,0.0
398,abacus,28,0.8214285714285714,0.8214285714285714,0.8571428571428571,0.8214285714285714,0.8571428571428571,-0.0357142857142857
399,abaya,19,1.0,0.8947368421052632,0.9473684210526315,1.0,1.0,0.0
400,academic gown,24,0.4166666666666667,0.2916666666666667,0.3333333333333333,0.3333333333333333,0.4166666666666667,-0.08333333333333337
401,accordion,16,1.0,1.0,1.0,1.0,1.0,0.0
402,acoustic guitar,20,0.65,0.65,0.7,0.7,0.7,0.0
403,aircraft carrier,24,0.875,0.875,0.9166666666666666,0.875,0.9166666666666666,-0.04166666666666663
404,airliner,15,1.0,1.0,1.0,1.0,1.0,0.0
405,airship,20,0.9,0.85,0.85,0.85,0.9,-0.050000000000000044
406,altar,23,0.8260869565217391,0.6956521739130435,0.6521739130434783,0.6521739130434783,0.8260869565217391,-0.17391304347826086
407,ambulance,29,0.9310344827586207,0.9310344827586207,0.9310344827586207,0.9310344827586207,0.9310344827586207,0.0
408,amphibian,23,0.782608695652174,0.8260869565217391,0.782608695652174,0.8260869565217391,0.8260869565217391,0.0
409,analog clock,24,0.875,0.8333333333333334,0.7916666666666666,0.8333333333333334,0.875,-0.04166666666666663
410,apiary,31,0.9032258064516129,0.9032258064516129,0.9032258064516129,0.8709677419354839,0.9032258064516129,-0.032258064516129004
411,apron,23,0.9130434782608695,0.8695652173913043,0.8260869565217391,0.9130434782608695,0.9130434782608695,0.0
412,ashcan,19,0.8421052631578947,0.8421052631578947,0.7894736842105263,0.8421052631578947,0.8421052631578947,0.0
413,assault rifle,18,0.6111111111111112,0.6111111111111112,0.5,0.5555555555555556,0.6111111111111112,-0.05555555555555558
414,backpack,19,0.47368421052631576,0.631578947368421,0.5263157894736842,0.5263157894736842,0.631578947368421,-0.10526315789473684
415,bakery,22,0.6363636363636364,0.5,0.5454545454545454,0.5909090909090909,0.6363636363636364,-0.045454545454545414
416,balance beam,23,0.9565217391304348,0.9565217391304348,0.8695652173913043,0.9565217391304348,0.9565217391304348,0.0
417,balloon,20,0.9,0.9,0.9,0.9,0.9,0.0
418,ballpoint,25,0.64,0.72,0.64,0.72,0.72,0.0
419,Band Aid,17,0.9411764705882353,0.8235294117647058,0.8823529411764706,0.8823529411764706,0.9411764705882353,-0.05882352941176472
420,banjo,20,1.0,0.95,0.95,1.0,1.0,0.0
421,bannister,20,0.95,0.9,0.85,0.9,0.95,-0.04999999999999993
422,barbell,23,0.6521739130434783,0.6956521739130435,0.5217391304347826,0.6086956521739131,0.6956521739130435,-0.08695652173913038
423,barber chair,23,0.9130434782608695,0.7391304347826086,0.8260869565217391,0.8695652173913043,0.9130434782608695,-0.04347826086956519
424,barbershop,22,0.8636363636363636,0.8181818181818182,0.6363636363636364,0.8181818181818182,0.8636363636363636,-0.045454545454545414
425,barn,16,1.0,1.0,1.0,1.0,1.0,0.0
426,barometer,26,0.9230769230769231,0.9615384615384616,0.9230769230769231,0.9615384615384616,0.9615384615384616,0.0
427,barrel,20,0.7,0.75,0.8,0.75,0.8,-0.050000000000000044
428,barrow,24,0.875,0.875,0.8333333333333334,0.9166666666666666,0.875,0.04166666666666663
429,baseball,21,0.8095238095238095,0.9523809523809523,0.9047619047619048,0.9523809523809523,0.9523809523809523,0.0
430,basketball,19,1.0,0.9473684210526315,0.9473684210526315,1.0,1.0,0.0
431,bassinet,24,0.875,0.8333333333333334,0.7916666666666666,0.9166666666666666,0.875,0.04166666666666663
432,bassoon,21,1.0,1.0,0.9047619047619048,1.0,1.0,0.0
433,bathing cap,21,0.9523809523809523,0.8095238095238095,0.8095238095238095,0.8571428571428571,0.9523809523809523,-0.09523809523809523
434,bath towel,31,0.7419354838709677,0.8064516129032258,0.7419354838709677,0.8387096774193549,0.8064516129032258,0.032258064516129115
435,bathtub,16,0.625,0.5,0.5625,0.5625,0.625,-0.0625
436,beach wagon,27,0.7407407407407407,0.7037037037037037,0.6666666666666666,0.7037037037037037,0.7407407407407407,-0.03703703703703698
437,beacon,22,0.7272727272727273,0.7727272727272727,0.8181818181818182,0.7272727272727273,0.8181818181818182,-0.09090909090909094
438,beaker,18,0.7222222222222222,0.8333333333333334,0.8333333333333334,0.7222222222222222,0.8333333333333334,-0.11111111111111116
439,bearskin,24,1.0,0.9583333333333334,0.9583333333333334,0.9583333333333334,1.0,-0.04166666666666663
440,beer bottle,25,0.84,0.88,0.88,0.88,0.88,0.0
441,beer glass,25,0.88,0.92,0.72,0.88,0.92,-0.040000000000000036
442,bell cote,16,0.875,0.9375,0.8125,0.8125,0.9375,-0.125
443,bib,27,0.7777777777777778,0.7777777777777778,0.7037037037037037,0.8148148148148148,0.7777777777777778,0.03703703703703698
444,bicycle-built-for-two,25,1.0,0.92,0.92,0.96,1.0,-0.040000000000000036
445,bikini,18,0.7222222222222222,0.7222222222222222,0.6666666666666666,0.7777777777777778,0.7222222222222222,0.05555555555555558
446,binder,27,0.8888888888888888,0.8888888888888888,0.7407407407407407,0.8888888888888888,0.8888888888888888,0.0
447,binoculars,31,0.8387096774193549,0.8387096774193549,0.7096774193548387,0.8709677419354839,0.8387096774193549,0.032258064516129004
448,birdhouse,22,1.0,0.9545454545454546,0.9090909090909091,0.9545454545454546,1.0,-0.045454545454545414
449,boathouse,16,0.875,0.8125,0.75,0.8125,0.875,-0.0625
450,bobsled,24,0.9583333333333334,0.9583333333333334,0.9583333333333334,0.9583333333333334,0.9583333333333334,0.0
451,bolo tie,27,0.9629629629629629,0.9259259259259259,0.9259259259259259,0.9629629629629629,0.9629629629629629,0.0
452,bonnet,19,0.8421052631578947,0.7894736842105263,0.7894736842105263,0.8421052631578947,0.8421052631578947,0.0
453,bookcase,28,0.7857142857142857,0.7857142857142857,0.7142857142857143,0.8214285714285714,0.7857142857142857,0.0357142857142857
454,bookshop,25,0.72,0.68,0.76,0.88,0.76,0.12
455,bottlecap,22,0.8181818181818182,0.8181818181818182,0.7727272727272727,0.8181818181818182,0.8181818181818182,0.0
456,bow,23,1.0,0.9130434782608695,0.7391304347826086,0.9130434782608695,1.0,-0.08695652173913049
457,bow tie,18,0.8888888888888888,1.0,0.9444444444444444,1.0,1.0,0.0
458,brass,21,1.0,0.9047619047619048,0.9047619047619048,0.9523809523809523,1.0,-0.04761904761904767
459,brassiere,20,0.75,0.75,0.75,0.75,0.75,0.0
460,breakwater,21,0.7619047619047619,0.8095238095238095,0.6190476190476191,0.7619047619047619,0.8095238095238095,-0.04761904761904767
461,breastplate,22,0.45454545454545453,0.5454545454545454,0.36363636363636365,0.4090909090909091,0.5454545454545454,-0.1363636363636363
462,broom,23,0.8695652173913043,0.9130434782608695,0.8695652173913043,0.8695652173913043,0.9130434782608695,-0.04347826086956519
463,bucket,25,0.72,0.64,0.6,0.6,0.72,-0.12
464,buckle,21,0.8571428571428571,0.7619047619047619,0.6666666666666666,0.8095238095238095,0.8571428571428571,-0.04761904761904756
465,bulletproof vest,24,0.7916666666666666,0.7916666666666666,0.7916666666666666,0.8333333333333334,0.7916666666666666,0.04166666666666674
466,bullet train,19,1.0,0.8947368421052632,0.9473684210526315,0.9473684210526315,1.0,-0.052631578947368474
467,butcher shop,20,0.85,0.85,0.75,0.85,0.85,0.0
468,cab,21,0.7619047619047619,0.7142857142857143,0.8095238095238095,0.7619047619047619,0.8095238095238095,-0.04761904761904767
469,caldron,22,0.6363636363636364,0.6363636363636364,0.5454545454545454,0.6818181818181818,0.6363636363636364,0.045454545454545414
470,candle,27,0.6666666666666666,0.7407407407407407,0.7037037037037037,0.7407407407407407,0.7407407407407407,0.0
471,cannon,24,0.9583333333333334,0.9166666666666666,0.875,0.9166666666666666,0.9583333333333334,-0.04166666666666674
472,canoe,23,0.9565217391304348,0.9565217391304348,0.9565217391304348,0.9565217391304348,0.9565217391304348,0.0
473,can opener,24,0.8333333333333334,0.7916666666666666,0.6666666666666666,0.8333333333333334,0.8333333333333334,0.0
474,cardigan,26,0.8846153846153846,0.8846153846153846,0.8076923076923077,0.8846153846153846,0.8846153846153846,0.0
475,car mirror,26,0.9615384615384616,0.9230769230769231,0.8846153846153846,0.9615384615384616,0.9615384615384616,0.0
476,carousel,22,1.0,1.0,1.0,1.0,1.0,0.0
477,carpenter's kit,24,0.875,0.7916666666666666,0.875,0.9166666666666666,0.875,0.04166666666666663
478,carton,15,0.6,0.6666666666666666,0.7333333333333333,0.7333333333333333,0.7333333333333333,0.0
479,car wheel,15,0.6666666666666666,0.6666666666666666,0.6666666666666666,0.6666666666666666,0.6666666666666666,0.0
480,cash machine,23,1.0,0.8695652173913043,0.9130434782608695,0.9565217391304348,1.0,-0.04347826086956519
481,cassette,26,0.6923076923076923,0.6923076923076923,0.6538461538461539,0.6923076923076923,0.6923076923076923,0.0
482,cassette player,22,0.45454545454545453,0.22727272727272727,0.36363636363636365,0.3181818181818182,0.45454545454545453,-0.13636363636363635
483,castle,16,0.875,0.875,0.9375,0.875,0.9375,-0.0625
484,catamaran,19,0.8947368421052632,0.6842105263157895,0.7894736842105263,0.7368421052631579,0.8947368421052632,-0.1578947368421053
485,CD player,19,0.5789473684210527,0.6842105263157895,0.5789473684210527,0.631578947368421,0.6842105263157895,-0.052631578947368474
486,cello,27,0.9629629629629629,0.9629629629629629,0.9629629629629629,0.9629629629629629,0.9629629629629629,0.0
487,cellular telephone,23,0.782608695652174,0.7391304347826086,0.782608695652174,0.782608695652174,0.782608695652174,0.0
488,chain,20,0.5,0.5,0.45,0.55,0.5,0.050000000000000044
489,chainlink fence,21,1.0,0.9523809523809523,0.8095238095238095,1.0,1.0,0.0
490,chain mail,20,0.8,0.75,0.8,0.8,0.8,0.0
491,chain saw,28,1.0,1.0,1.0,1.0,1.0,0.0
492,chest,18,0.8888888888888888,0.9444444444444444,0.8333333333333334,0.9444444444444444,0.9444444444444444,0.0
493,chiffonier,14,0.42857142857142855,0.35714285714285715,0.42857142857142855,0.35714285714285715,0.42857142857142855,-0.0714285714285714
494,chime,20,0.8,0.85,0.85,0.9,0.85,0.050000000000000044
495,china cabinet,31,0.9354838709677419,0.8709677419354839,0.8387096774193549,0.9032258064516129,0.9354838709677419,-0.032258064516129004
496,Christmas stocking,19,1.0,0.9473684210526315,1.0,1.0,1.0,0.0
497,church,21,0.7619047619047619,0.7142857142857143,0.6666666666666666,0.7142857142857143,0.7619047619047619,-0.04761904761904756
498,cinema,25,0.88,0.88,0.68,0.88,0.88,0.0
499,cleaver,24,0.9166666666666666,0.8333333333333334,0.75,0.8333333333333334,0.9166666666666666,-0.08333333333333326
500,cliff dwelling,24,1.0,1.0,1.0,1.0,1.0,0.0
501,cloak,19,0.47368421052631576,0.42105263157894735,0.3684210526315789,0.47368421052631576,0.47368421052631576,0.0
502,clog,14,0.8571428571428571,0.7857142857142857,0.7857142857142857,0.7857142857142857,0.8571428571428571,-0.0714285714285714
503,cocktail shaker,20,0.85,0.75,0.75,0.8,0.85,-0.04999999999999993
504,coffee mug,20,0.4,0.5,0.35,0.5,0.5,0.0
505,coffeepot,18,0.8888888888888888,0.7777777777777778,0.7222222222222222,0.8333333333333334,0.8888888888888888,-0.05555555555555547
506,coil,16,0.875,0.8125,0.8125,0.875,0.875,0.0
507,combination lock,19,0.8947368421052632,0.8947368421052632,0.7894736842105263,0.9473684210526315,0.8947368421052632,0.05263157894736836
508,computer keyboard,27,0.7407407407407407,0.7777777777777778,0.7037037037037037,0.7777777777777778,0.7777777777777778,0.0
509,confectionery,23,0.782608695652174,0.782608695652174,0.7391304347826086,0.782608695652174,0.782608695652174,0.0
510,container ship,17,1.0,0.8823529411764706,0.8823529411764706,1.0,1.0,0.0
511,convertible,19,0.9473684210526315,0.9473684210526315,0.9473684210526315,0.9473684210526315,0.9473684210526315,0.0
512,corkscrew,22,1.0,1.0,0.9545454545454546,1.0,1.0,0.0
513,cornet,18,0.8888888888888888,0.7777777777777778,0.8333333333333334,0.9444444444444444,0.8888888888888888,0.05555555555555558
514,cowboy boot,12,0.9166666666666666,0.9166666666666666,0.9166666666666666,0.9166666666666666,0.9166666666666666,0.0
515,cowboy hat,23,0.8695652173913043,0.8695652173913043,0.6521739130434783,0.8695652173913043,0.8695652173913043,0.0
516,cradle,21,0.5238095238095238,0.5238095238095238,0.38095238095238093,0.47619047619047616,0.5238095238095238,-0.04761904761904767
517,crane,25,0.76,0.8,0.8,0.84,0.8,0.039999999999999925
518,crash helmet,24,0.9583333333333334,0.9583333333333334,0.9583333333333334,0.9583333333333334,0.9583333333333334,0.0
519,crate,18,0.7777777777777778,0.6666666666666666,0.7777777777777778,0.7777777777777778,0.7777777777777778,0.0
520,crib,24,0.875,0.9166666666666666,0.9166666666666666,0.9166666666666666,0.9166666666666666,0.0
521,Crock Pot,23,0.8695652173913043,0.9130434782608695,0.8695652173913043,0.9130434782608695,0.9130434782608695,0.0
522,croquet ball,23,0.8695652173913043,0.9130434782608695,0.9130434782608695,0.9130434782608695,0.9130434782608695,0.0
523,crutch,14,0.7142857142857143,0.6428571428571429,0.5714285714285714,0.7857142857142857,0.7142857142857143,0.0714285714285714
524,cuirass,20,0.7,0.55,0.55,0.6,0.7,-0.09999999999999998
525,dam,19,0.8947368421052632,0.8421052631578947,0.8947368421052632,0.8947368421052632,0.8947368421052632,0.0
526,desk,19,0.631578947368421,0.631578947368421,0.5789473684210527,0.5789473684210527,0.631578947368421,-0.05263157894736836
527,desktop computer,20,0.7,0.6,0.7,0.65,0.7,-0.04999999999999993
528,dial telephone,19,0.9473684210526315,0.9473684210526315,0.8421052631578947,0.9473684210526315,0.9473684210526315,0.0
529,diaper,23,0.8260869565217391,0.9130434782608695,0.8695652173913043,0.8695652173913043,0.9130434782608695,-0.04347826086956519
530,digital clock,20,0.85,0.8,0.75,0.75,0.85,-0.09999999999999998
531,digital watch,25,0.6,0.56,0.48,0.64,0.6,0.040000000000000036
532,dining table,29,0.8620689655172413,0.8620689655172413,0.8620689655172413,0.896551724137931,0.8620689655172413,0.034482758620689724
533,dishrag,24,0.875,0.9583333333333334,0.9166666666666666,0.9583333333333334,0.9583333333333334,0.0
534,dishwasher,23,0.8260869565217391,0.782608695652174,0.7391304347826086,0.782608695652174,0.8260869565217391,-0.04347826086956519
535,disk brake,24,1.0,1.0,0.9583333333333334,1.0,1.0,0.0
536,dock,20,0.75,0.55,0.65,0.7,0.75,-0.050000000000000044
537,dogsled,24,1.0,0.9583333333333334,1.0,1.0,1.0,0.0
538,dome,30,0.8666666666666667,0.8666666666666667,0.8666666666666667,0.8666666666666667,0.8666666666666667,0.0
539,doormat,26,0.8076923076923077,0.7307692307692307,0.7692307692307693,0.8076923076923077,0.8076923076923077,0.0
540,drilling platform,23,0.9565217391304348,0.9565217391304348,0.9130434782608695,0.9565217391304348,0.9565217391304348,0.0
541,drum,28,0.75,0.6071428571428571,0.5714285714285714,0.6428571428571429,0.75,-0.1071428571428571
542,drumstick,22,0.6363636363636364,0.7727272727272727,0.6363636363636364,0.7727272727272727,0.7727272727272727,0.0
543,dumbbell,20,0.8,0.95,0.9,0.9,0.95,-0.04999999999999993
544,Dutch oven,21,0.9047619047619048,0.8571428571428571,0.8095238095238095,0.9047619047619048,0.9047619047619048,0.0
545,electric fan,19,1.0,1.0,1.0,1.0,1.0,0.0
546,electric guitar,27,0.8888888888888888,0.8888888888888888,0.8148148148148148,0.8888888888888888,0.8888888888888888,0.0
547,electric locomotive,24,0.9166666666666666,0.875,0.9166666666666666,0.9166666666666666,0.9166666666666666,0.0
548,entertainment center,25,0.84,0.96,0.88,0.96,0.96,0.0
549,envelope,21,0.7142857142857143,0.5238095238095238,0.5714285714285714,0.7142857142857143,0.7142857142857143,0.0
550,espresso maker,17,0.8235294117647058,0.8235294117647058,0.8235294117647058,0.8235294117647058,0.8235294117647058,0.0
551,face powder,21,0.9047619047619048,0.9047619047619048,0.8095238095238095,0.8571428571428571,0.9047619047619048,-0.04761904761904767
552,feather boa,23,0.9130434782608695,0.9565217391304348,0.9130434782608695,0.9565217391304348,0.9565217391304348,0.0
553,file,20,0.9,0.95,0.85,0.9,0.95,-0.04999999999999993
554,fireboat,18,1.0,1.0,1.0,1.0,1.0,0.0
555,fire engine,22,0.9090909090909091,0.9090909090909091,0.8636363636363636,0.9545454545454546,0.9090909090909091,0.045454545454545525
556,fire screen,31,0.8387096774193549,0.6774193548387096,0.7096774193548387,0.7741935483870968,0.8387096774193549,-0.06451612903225812
557,flagpole,18,0.8333333333333334,0.8888888888888888,0.8888888888888888,0.8333333333333334,0.8888888888888888,-0.05555555555555547
558,flute,23,0.782608695652174,0.6956521739130435,0.6956521739130435,0.7391304347826086,0.782608695652174,-0.0434782608695653
559,folding chair,21,0.8095238095238095,0.9047619047619048,0.7142857142857143,0.9047619047619048,0.9047619047619048,0.0
560,football helmet,19,1.0,1.0,0.8947368421052632,1.0,1.0,0.0
561,forklift,25,0.96,0.96,0.96,0.96,0.96,0.0
562,fountain,22,1.0,0.9545454545454546,0.9090909090909091,1.0,1.0,0.0
563,fountain pen,23,0.9565217391304348,0.9565217391304348,0.9565217391304348,0.9565217391304348,0.9565217391304348,0.0
564,four-poster,23,0.9565217391304348,0.9565217391304348,0.9130434782608695,0.9565217391304348,0.9565217391304348,0.0
565,freight car,28,1.0,1.0,1.0,1.0,1.0,0.0
566,French horn,21,0.8571428571428571,0.8095238095238095,0.8571428571428571,0.8571428571428571,0.8571428571428571,0.0
567,frying pan,30,0.6333333333333333,0.7,0.43333333333333335,0.6666666666666666,0.7,-0.033333333333333326
568,fur coat,26,1.0,0.9615384615384616,0.9615384615384616,1.0,1.0,0.0
569,garbage truck,25,0.96,0.96,0.96,0.96,0.96,0.0
570,gasmask,27,1.0,1.0,0.9259259259259259,1.0,1.0,0.0
571,gas pump,17,1.0,1.0,0.9411764705882353,1.0,1.0,0.0
572,goblet,24,0.7916666666666666,0.7083333333333334,0.6666666666666666,0.75,0.7916666666666666,-0.04166666666666663
573,go-kart,24,1.0,1.0,0.9583333333333334,1.0,1.0,0.0
574,golf ball,18,1.0,0.8888888888888888,0.8333333333333334,0.9444444444444444,1.0,-0.05555555555555558
575,golfcart,22,0.9090909090909091,0.8181818181818182,0.8181818181818182,0.8181818181818182,0.9090909090909091,-0.09090909090909083
576,gondola,28,0.9642857142857143,0.9642857142857143,0.9642857142857143,0.9642857142857143,0.9642857142857143,0.0
577,gong,26,0.9615384615384616,0.9230769230769231,0.8076923076923077,0.9615384615384616,0.9615384615384616,0.0
578,gown,26,0.8846153846153846,0.8846153846153846,0.8076923076923077,0.8461538461538461,0.8846153846153846,-0.038461538461538436
579,grand piano,15,0.8,0.8666666666666667,0.8666666666666667,0.8,0.8666666666666667,-0.06666666666666665
580,greenhouse,21,1.0,0.9523809523809523,0.9523809523809523,1.0,1.0,0.0
581,grille,21,0.6666666666666666,0.6666666666666666,0.7142857142857143,0.7142857142857143,0.7142857142857143,0.0
582,grocery store,18,0.7222222222222222,0.6666666666666666,0.6111111111111112,0.6111111111111112,0.7222222222222222,-0.11111111111111105
583,guillotine,18,0.8888888888888888,0.8888888888888888,0.9444444444444444,0.9444444444444444,0.9444444444444444,0.0
584,hair slide,24,0.625,0.6666666666666666,0.625,0.625,0.6666666666666666,-0.04166666666666663
585,hair spray,22,0.9090909090909091,0.7272727272727273,0.8181818181818182,0.9545454545454546,0.9090909090909091,0.045454545454545525
586,half track,21,0.8571428571428571,0.8095238095238095,0.8571428571428571,0.9047619047619048,0.8571428571428571,0.04761904761904767
587,hammer,26,0.7692307692307693,0.7307692307692307,0.6538461538461539,0.7692307692307693,0.7692307692307693,0.0
588,hamper,10,0.9,0.7,0.5,0.8,0.9,-0.09999999999999998
589,hand blower,26,0.7692307692307693,0.8461538461538461,0.6923076923076923,0.8461538461538461,0.8461538461538461,0.0
590,hand-held computer,19,0.6842105263157895,0.7368421052631579,0.7894736842105263,0.7368421052631579,0.7894736842105263,-0.052631578947368474
591,handkerchief,22,0.9090909090909091,0.9090909090909091,0.8636363636363636,0.9090909090909091,0.9090909090909091,0.0
592,hard disc,15,1.0,1.0,1.0,1.0,1.0,0.0
593,harmonica,23,0.8695652173913043,0.9130434782608695,0.9130434782608695,0.9130434782608695,0.9130434782608695,0.0
594,harp,19,1.0,0.9473684210526315,0.9473684210526315,1.0,1.0,0.0
595,harvester,24,0.7916666666666666,0.875,0.875,0.8333333333333334,0.875,-0.04166666666666663
596,hatchet,25,0.88,0.88,0.92,0.92,0.92,0.0
597,holster,25,0.88,0.92,0.84,0.88,0.92,-0.040000000000000036
598,home theater,22,0.7727272727272727,0.6363636363636364,0.7272727272727273,0.7272727272727273,0.7727272727272727,-0.045454545454545414
599,honeycomb,22,0.8181818181818182,0.7727272727272727,0.7272727272727273,0.7272727272727273,0.8181818181818182,-0.09090909090909094
600,hook,18,0.7222222222222222,0.5555555555555556,0.5,0.7222222222222222,0.7222222222222222,0.0
601,hoopskirt,21,0.9047619047619048,0.9523809523809523,0.9047619047619048,1.0,0.9523809523809523,0.04761904761904767
602,horizontal bar,20,0.75,0.75,0.65,0.75,0.75,0.0
603,horse cart,18,0.9444444444444444,0.9444444444444444,0.9444444444444444,0.9444444444444444,0.9444444444444444,0.0
604,hourglass,22,0.9545454545454546,0.9545454545454546,0.9545454545454546,0.9545454545454546,0.9545454545454546,0.0
605,iPod,21,1.0,1.0,1.0,1.0,1.0,0.0
606,iron,30,1.0,0.9333333333333333,0.8666666666666667,0.9666666666666667,1.0,-0.033333333333333326
607,jack-o'-lantern,27,1.0,1.0,1.0,1.0,1.0,0.0
608,jean,22,0.6818181818181818,0.6818181818181818,0.7272727272727273,0.7272727272727273,0.7272727272727273,0.0
609,jeep,17,0.9411764705882353,0.8823529411764706,0.7647058823529411,0.9411764705882353,0.9411764705882353,0.0
610,jersey,21,0.8571428571428571,0.6666666666666666,0.7142857142857143,0.8571428571428571,0.8571428571428571,0.0
611,jigsaw puzzle,25,1.0,0.96,0.96,1.0,1.0,0.0
612,jinrikisha,15,1.0,0.9333333333333333,0.9333333333333333,0.9333333333333333,1.0,-0.06666666666666665
613,joystick,25,1.0,0.96,0.92,0.96,1.0,-0.040000000000000036
614,kimono,23,0.9130434782608695,0.9130434782608695,0.8260869565217391,0.9130434782608695,0.9130434782608695,0.0
615,knee pad,23,0.8260869565217391,0.782608695652174,0.6956521739130435,0.8695652173913043,0.8260869565217391,0.04347826086956519
616,knot,27,1.0,1.0,1.0,1.0,1.0,0.0
617,lab coat,24,0.9166666666666666,0.7916666666666666,0.8333333333333334,0.875,0.9166666666666666,-0.04166666666666663
618,ladle,20,0.55,0.65,0.55,0.55,0.65,-0.09999999999999998
619,lampshade,24,0.6666666666666666,0.6666666666666666,0.5833333333333334,0.6666666666666666,0.6666666666666666,0.0
620,laptop,27,0.37037037037037035,0.37037037037037035,0.2962962962962963,0.37037037037037035,0.37037037037037035,0.0
621,lawn mower,23,0.9565217391304348,0.9565217391304348,0.9565217391304348,1.0,0.9565217391304348,0.04347826086956519
622,lens cap,27,0.6296296296296297,0.7037037037037037,0.7407407407407407,0.6666666666666666,0.7407407407407407,-0.07407407407407407
623,letter opener,15,0.4666666666666667,0.3333333333333333,0.5333333333333333,0.5333333333333333,0.5333333333333333,0.0
624,library,23,0.8695652173913043,0.8695652173913043,0.8695652173913043,0.8260869565217391,0.8695652173913043,-0.04347826086956519
625,lifeboat,22,0.9545454545454546,0.9090909090909091,0.9090909090909091,0.9090909090909091,0.9545454545454546,-0.045454545454545525
626,lighter,20,1.0,1.0,0.8,1.0,1.0,0.0
627,limousine,13,1.0,0.9230769230769231,1.0,1.0,1.0,0.0
628,liner,25,0.96,0.96,0.88,0.96,0.96,0.0
629,lipstick,23,0.8260869565217391,0.8695652173913043,0.8695652173913043,0.8695652173913043,0.8695652173913043,0.0
630,Loafer,26,0.9615384615384616,0.9230769230769231,0.9230769230769231,0.9615384615384616,0.9615384615384616,0.0
631,lotion,18,0.5555555555555556,0.6111111111111112,0.6111111111111112,0.6666666666666666,0.6111111111111112,0.05555555555555547
632,loudspeaker,16,0.625,0.5625,0.5625,0.625,0.625,0.0
633,loupe,20,0.85,0.8,0.6,0.8,0.85,-0.04999999999999993
634,lumbermill,18,0.8333333333333334,0.7777777777777778,0.7777777777777778,0.8888888888888888,0.8333333333333334,0.05555555555555547
635,magnetic compass,16,0.75,0.8125,0.625,0.875,0.8125,0.0625
636,mailbag,18,0.7222222222222222,0.6666666666666666,0.7222222222222222,0.7222222222222222,0.7222222222222222,0.0
637,mailbox,29,0.896551724137931,0.9310344827586207,0.9655172413793104,0.9310344827586207,0.9655172413793104,-0.034482758620689724
638,maillot,19,0.21052631578947367,0.15789473684210525,0.21052631578947367,0.21052631578947367,0.21052631578947367,0.0
639,maillot,26,0.6538461538461539,0.5384615384615384,0.5769230769230769,0.5,0.6538461538461539,-0.15384615384615385
640,manhole cover,19,1.0,1.0,1.0,1.0,1.0,0.0
641,maraca,24,0.9166666666666666,0.8333333333333334,0.8333333333333334,0.875,0.9166666666666666,-0.04166666666666663
642,marimba,22,0.9545454545454546,0.9090909090909091,0.8636363636363636,1.0,0.9545454545454546,0.045454545454545414
643,mask,19,0.7894736842105263,0.8421052631578947,0.6842105263157895,0.7894736842105263,0.8421052631578947,-0.05263157894736836
644,matchstick,23,0.9130434782608695,0.8695652173913043,0.8260869565217391,0.9130434782608695,0.9130434782608695,0.0
645,maypole,27,1.0,0.9629629629629629,1.0,1.0,1.0,0.0
646,maze,24,0.9583333333333334,0.9166666666666666,0.875,0.9583333333333334,0.9583333333333334,0.0
647,measuring cup,19,0.7894736842105263,0.7368421052631579,0.7368421052631579,0.7894736842105263,0.7894736842105263,0.0
648,medicine chest,24,0.7083333333333334,0.7916666666666666,0.7083333333333334,0.7916666666666666,0.7916666666666666,0.0
649,megalith,21,0.9523809523809523,0.9523809523809523,0.9523809523809523,0.9523809523809523,0.9523809523809523,0.0
650,microphone,22,0.8181818181818182,0.6818181818181818,0.6363636363636364,0.8181818181818182,0.8181818181818182,0.0
651,microwave,20,0.75,0.75,0.6,0.7,0.75,-0.050000000000000044
652,military uniform,20,0.85,0.85,0.8,0.85,0.85,0.0
653,milk can,26,0.7307692307692307,0.7692307692307693,0.6538461538461539,0.7692307692307693,0.7692307692307693,0.0
654,minibus,22,0.8636363636363636,0.9545454545454546,0.7727272727272727,0.8636363636363636,0.9545454545454546,-0.09090909090909094
655,miniskirt,25,0.88,0.76,0.72,0.84,0.88,-0.040000000000000036
656,minivan,18,0.6111111111111112,0.5,0.5555555555555556,0.5555555555555556,0.6111111111111112,-0.05555555555555558
657,missile,15,0.5333333333333333,0.3333333333333333,0.4,0.3333333333333333,0.5333333333333333,-0.2
658,mitten,18,0.9444444444444444,0.8888888888888888,0.9444444444444444,0.8888888888888888,0.9444444444444444,-0.05555555555555558
659,mixing bowl,24,0.8333333333333334,0.875,0.875,0.8333333333333334,0.875,-0.04166666666666663
660,mobile home,19,0.7368421052631579,0.631578947368421,0.7368421052631579,0.7368421052631579,0.7368421052631579,0.0
661,Model T,25,1.0,0.92,0.96,1.0,1.0,0.0
662,modem,18,0.8333333333333334,0.7777777777777778,0.7222222222222222,0.8333333333333334,0.8333333333333334,0.0
663,monastery,23,0.7391304347826086,0.6521739130434783,0.6956521739130435,0.7391304347826086,0.7391304347826086,0.0
664,monitor,21,0.3333333333333333,0.3333333333333333,0.23809523809523808,0.3333333333333333,0.3333333333333333,0.0
665,moped,20,0.8,0.8,0.75,0.8,0.8,0.0
666,mortar,28,0.8928571428571429,0.9285714285714286,0.8214285714285714,0.9285714285714286,0.9285714285714286,0.0
667,mortarboard,19,0.7894736842105263,0.7368421052631579,0.7368421052631579,0.7894736842105263,0.7894736842105263,0.0
668,mosque,23,0.9565217391304348,0.9565217391304348,0.9565217391304348,0.9565217391304348,0.9565217391304348,0.0
669,mosquito net,19,1.0,1.0,1.0,1.0,1.0,0.0
670,motor scooter,29,0.896551724137931,0.896551724137931,0.9310344827586207,0.896551724137931,0.9310344827586207,-0.03448275862068961
671,mountain bike,21,0.9047619047619048,0.9523809523809523,0.9523809523809523,1.0,0.9523809523809523,0.04761904761904767
672,mountain tent,26,0.9615384615384616,0.9615384615384616,0.9230769230769231,0.9615384615384616,0.9615384615384616,0.0
673,mouse,30,0.5666666666666667,0.43333333333333335,0.36666666666666664,0.5,0.5666666666666667,-0.06666666666666665
674,mousetrap,23,1.0,1.0,1.0,1.0,1.0,0.0
675,moving van,19,0.5263157894736842,0.631578947368421,0.6842105263157895,0.631578947368421,0.6842105263157895,-0.052631578947368474
676,muzzle,20,0.9,0.9,0.9,0.9,0.9,0.0
677,nail,21,0.8095238095238095,0.7142857142857143,0.7142857142857143,0.7619047619047619,0.8095238095238095,-0.04761904761904767
678,neck brace,21,0.8095238095238095,0.7142857142857143,0.6190476190476191,0.8095238095238095,0.8095238095238095,0.0
679,necklace,17,0.8235294117647058,1.0,0.8823529411764706,0.9411764705882353,1.0,-0.05882352941176472
680,nipple,28,0.9285714285714286,0.9285714285714286,0.8571428571428571,0.9285714285714286,0.9285714285714286,0.0
681,notebook,20,0.45,0.4,0.5,0.5,0.5,0.0
682,obelisk,24,0.9583333333333334,0.9583333333333334,1.0,1.0,1.0,0.0
683,oboe,29,0.6896551724137931,0.6551724137931034,0.6896551724137931,0.7241379310344828,0.6896551724137931,0.03448275862068961
684,ocarina,28,0.9642857142857143,1.0,0.9285714285714286,1.0,1.0,0.0
685,odometer,23,1.0,0.9565217391304348,0.9565217391304348,0.9565217391304348,1.0,-0.04347826086956519
686,oil filter,23,0.8260869565217391,0.8260869565217391,0.6521739130434783,0.8260869565217391,0.8260869565217391,0.0
687,organ,21,0.9047619047619048,0.9523809523809523,0.9047619047619048,0.9523809523809523,0.9523809523809523,0.0
688,oscilloscope,14,0.9285714285714286,0.9285714285714286,0.9285714285714286,0.9285714285714286,0.9285714285714286,0.0
689,overskirt,24,0.6666666666666666,0.5833333333333334,0.6666666666666666,0.625,0.6666666666666666,-0.04166666666666663
690,oxcart,23,0.9130434782608695,0.9130434782608695,0.8695652173913043,0.8695652173913043,0.9130434782608695,-0.04347826086956519
691,oxygen mask,19,0.6842105263157895,0.7368421052631579,0.7368421052631579,0.7368421052631579,0.7368421052631579,0.0
692,packet,21,0.6190476190476191,0.6190476190476191,0.5714285714285714,0.6190476190476191,0.6190476190476191,0.0
693,paddle,23,0.7391304347826086,0.7391304347826086,0.782608695652174,0.782608695652174,0.782608695652174,0.0
694,paddlewheel,19,1.0,0.8947368421052632,0.8947368421052632,1.0,1.0,0.0
695,padlock,19,0.8421052631578947,0.7894736842105263,0.7894736842105263,0.8421052631578947,0.8421052631578947,0.0
696,paintbrush,26,0.9230769230769231,0.9230769230769231,0.8076923076923077,1.0,0.9230769230769231,0.07692307692307687
697,pajama,12,0.9166666666666666,0.9166666666666666,0.9166666666666666,0.9166666666666666,0.9166666666666666,0.0
698,palace,24,0.8333333333333334,0.7083333333333334,0.7083333333333334,0.75,0.8333333333333334,-0.08333333333333337
699,panpipe,23,0.9565217391304348,0.9130434782608695,0.9130434782608695,0.9565217391304348,0.9565217391304348,0.0
700,paper towel,23,0.782608695652174,0.7391304347826086,0.6521739130434783,0.7391304347826086,0.782608695652174,-0.0434782608695653
701,parachute,20,1.0,1.0,1.0,1.0,1.0,0.0
702,parallel bars,23,0.6521739130434783,0.6521739130434783,0.6521739130434783,0.6956521739130435,0.6521739130434783,0.04347826086956519
703,park bench,21,0.9523809523809523,0.8571428571428571,0.8571428571428571,0.9047619047619048,0.9523809523809523,-0.04761904761904756
704,parking meter,25,0.84,0.88,0.92,0.92,0.92,0.0
705,passenger car,21,0.6666666666666666,0.7619047619047619,0.7142857142857143,0.7619047619047619,0.7619047619047619,0.0
706,patio,21,0.6666666666666666,0.6666666666666666,0.6666666666666666,0.6190476190476191,0.6666666666666666,-0.04761904761904756
707,pay-phone,22,0.9545454545454546,0.8636363636363636,1.0,0.9545454545454546,1.0,-0.045454545454545414
708,pedestal,21,0.7142857142857143,0.8095238095238095,0.6666666666666666,0.8095238095238095,0.8095238095238095,0.0
709,pencil box,30,0.8666666666666667,0.8666666666666667,0.8,0.8666666666666667,0.8666666666666667,0.0
710,pencil sharpener,19,0.7368421052631579,0.6842105263157895,0.631578947368421,0.7368421052631579,0.7368421052631579,0.0
711,perfume,22,0.9545454545454546,0.8636363636363636,0.8181818181818182,0.9090909090909091,0.9545454545454546,-0.045454545454545525
712,Petri dish,26,0.8461538461538461,0.7692307692307693,0.7307692307692307,0.8076923076923077,0.8461538461538461,-0.038461538461538436
713,photocopier,18,1.0,1.0,0.9444444444444444,1.0,1.0,0.0
714,pick,22,0.9090909090909091,0.9090909090909091,0.8181818181818182,0.9090909090909091,0.9090909090909091,0.0
715,pickelhaube,17,0.8823529411764706,0.8235294117647058,0.8235294117647058,0.8235294117647058,0.8823529411764706,-0.05882352941176472
716,picket fence,24,1.0,0.9166666666666666,0.9166666666666666,0.9166666666666666,1.0,-0.08333333333333337
717,pickup,21,0.8571428571428571,0.8571428571428571,0.9047619047619048,0.8571428571428571,0.9047619047619048,-0.04761904761904767
718,pier,24,0.8333333333333334,0.8333333333333334,0.7916666666666666,0.875,0.8333333333333334,0.04166666666666663
719,piggy bank,23,1.0,1.0,0.9565217391304348,1.0,1.0,0.0
720,pill bottle,24,0.9583333333333334,0.9583333333333334,0.875,0.9583333333333334,0.9583333333333334,0.0
721,pillow,19,0.8947368421052632,0.7894736842105263,0.7894736842105263,0.8947368421052632,0.8947368421052632,0.0
722,ping-pong ball,25,0.96,0.88,0.76,0.96,0.96,0.0
723,pinwheel,23,1.0,1.0,0.9565217391304348,1.0,1.0,0.0
724,pirate,19,0.7368421052631579,0.7368421052631579,0.6842105263157895,0.6842105263157895,0.7368421052631579,-0.05263157894736836
725,pitcher,19,0.8947368421052632,0.7894736842105263,0.6842105263157895,0.7894736842105263,0.8947368421052632,-0.10526315789473684
726,plane,21,0.9523809523809523,1.0,0.9523809523809523,1.0,1.0,0.0
727,planetarium,19,0.8947368421052632,0.8947368421052632,0.8947368421052632,0.8421052631578947,0.8947368421052632,-0.052631578947368474
728,plastic bag,29,0.5172413793103449,0.6551724137931034,0.4827586206896552,0.6206896551724138,0.6551724137931034,-0.03448275862068961
729,plate rack,27,0.6666666666666666,0.5925925925925926,0.6666666666666666,0.6296296296296297,0.6666666666666666,-0.03703703703703698
730,plow,18,0.9444444444444444,1.0,0.8888888888888888,0.9444444444444444,1.0,-0.05555555555555558
731,plunger,21,0.7619047619047619,0.6666666666666666,0.6666666666666666,0.7619047619047619,0.7619047619047619,0.0
732,Polaroid camera,19,0.7894736842105263,0.7894736842105263,0.8421052631578947,0.7894736842105263,0.8421052631578947,-0.05263157894736836
733,pole,21,0.7619047619047619,0.7142857142857143,0.7142857142857143,0.8095238095238095,0.7619047619047619,0.04761904761904767
734,police van,23,0.9130434782608695,0.8695652173913043,0.9130434782608695,0.9565217391304348,0.9130434782608695,0.0434782608695653
735,poncho,26,0.9615384615384616,0.9230769230769231,0.9230769230769231,0.9230769230769231,0.9615384615384616,-0.038461538461538436
736,pool table,22,0.8636363636363636,0.9090909090909091,0.8636363636363636,0.8636363636363636,0.9090909090909091,-0.045454545454545414
737,pop bottle,24,0.625,0.7083333333333334,0.5833333333333334,0.7083333333333334,0.7083333333333334,0.0
738,pot,25,0.96,0.96,0.96,1.0,0.96,0.040000000000000036
739,potter's wheel,23,1.0,1.0,1.0,1.0,1.0,0.0
740,power drill,19,0.7368421052631579,0.9473684210526315,0.6842105263157895,0.8947368421052632,0.9473684210526315,-0.05263157894736836
741,prayer rug,24,0.8333333333333334,0.8333333333333334,0.7916666666666666,0.7916666666666666,0.8333333333333334,-0.04166666666666674
742,printer,18,0.7222222222222222,0.6666666666666666,0.7222222222222222,0.6666666666666666,0.7222222222222222,-0.05555555555555558
743,prison,18,0.9444444444444444,0.8333333333333334,0.7222222222222222,0.9444444444444444,0.9444444444444444,0.0
744,projectile,24,0.4166666666666667,0.375,0.4166666666666667,0.375,0.4166666666666667,-0.041666666666666685
745,projector,25,0.76,0.76,0.64,0.72,0.76,-0.040000000000000036
746,puck,24,0.9583333333333334,0.9166666666666666,0.9166666666666666,0.9583333333333334,0.9583333333333334,0.0
747,punching bag,23,0.782608695652174,0.7391304347826086,0.6956521739130435,0.7391304347826086,0.782608695652174,-0.0434782608695653
748,purse,20,0.75,0.65,0.55,0.65,0.75,-0.09999999999999998
749,quill,23,0.8260869565217391,0.8695652173913043,0.8695652173913043,0.8260869565217391,0.8695652173913043,-0.04347826086956519
750,quilt,27,0.7407407407407407,0.7407407407407407,0.7037037037037037,0.7777777777777778,0.7407407407407407,0.03703703703703709
751,racer,25,0.84,0.84,0.88,0.92,0.88,0.040000000000000036
752,racket,21,0.9047619047619048,0.9523809523809523,0.8571428571428571,0.9523809523809523,0.9523809523809523,0.0
753,radiator,19,0.8947368421052632,0.7894736842105263,0.7894736842105263,0.8947368421052632,0.8947368421052632,0.0
754,radio,21,0.7619047619047619,0.8095238095238095,0.7619047619047619,0.8095238095238095,0.8095238095238095,0.0
755,radio telescope,23,0.9565217391304348,0.9565217391304348,0.9565217391304348,0.9565217391304348,0.9565217391304348,0.0
756,rain barrel,27,0.9259259259259259,0.9259259259259259,0.8148148148148148,0.9259259259259259,0.9259259259259259,0.0
757,recreational vehicle,19,0.9473684210526315,0.8421052631578947,0.9473684210526315,0.8947368421052632,0.9473684210526315,-0.05263157894736836
758,reel,23,0.8260869565217391,0.8260869565217391,0.782608695652174,0.8695652173913043,0.8260869565217391,0.04347826086956519
759,reflex camera,27,0.7407407407407407,0.7407407407407407,0.7407407407407407,0.7777777777777778,0.7407407407407407,0.03703703703703709
760,refrigerator,25,0.92,0.96,0.88,0.96,0.96,0.0
761,remote control,21,0.9047619047619048,0.9523809523809523,0.9523809523809523,1.0,0.9523809523809523,0.04761904761904767
762,restaurant,28,0.5357142857142857,0.6428571428571429,0.4642857142857143,0.6428571428571429,0.6428571428571429,0.0
763,revolver,21,1.0,1.0,0.9047619047619048,1.0,1.0,0.0
764,rifle,20,0.85,0.8,0.8,0.85,0.85,0.0
765,rocking chair,21,0.7619047619047619,0.9047619047619048,0.7619047619047619,0.8571428571428571,0.9047619047619048,-0.04761904761904767
766,rotisserie,22,0.9090909090909091,0.9090909090909091,0.9090909090909091,0.8636363636363636,0.9090909090909091,-0.045454545454545414
767,rubber eraser,23,0.6956521739130435,0.7391304347826086,0.6086956521739131,0.782608695652174,0.7391304347826086,0.0434782608695653
768,rugby ball,19,1.0,1.0,1.0,1.0,1.0,0.0
769,rule,21,0.9047619047619048,0.9523809523809523,0.9523809523809523,0.9523809523809523,0.9523809523809523,0.0
770,running shoe,24,0.9583333333333334,0.9166666666666666,0.9166666666666666,0.9166666666666666,0.9583333333333334,-0.04166666666666674
771,safe,28,0.8571428571428571,0.8928571428571429,0.8928571428571429,0.8928571428571429,0.8928571428571429,0.0
772,safety pin,18,0.7777777777777778,0.7222222222222222,0.7222222222222222,0.7777777777777778,0.7777777777777778,0.0
773,saltshaker,19,0.631578947368421,0.6842105263157895,0.6842105263157895,0.6842105263157895,0.6842105263157895,0.0
774,sandal,21,0.8571428571428571,0.7142857142857143,0.7619047619047619,0.8095238095238095,0.8571428571428571,-0.04761904761904756
775,sarong,15,0.7333333333333333,0.8,0.6666666666666666,0.8,0.8,0.0
776,sax,25,0.8,0.76,0.84,0.8,0.84,-0.039999999999999925
777,scabbard,23,0.9130434782608695,0.9565217391304348,0.6956521739130435,0.9130434782608695,0.9565217391304348,-0.0434782608695653
778,scale,23,0.9130434782608695,0.9565217391304348,0.9130434782608695,0.9565217391304348,0.9565217391304348,0.0
779,school bus,24,0.9166666666666666,0.9166666666666666,0.9166666666666666,0.9166666666666666,0.9166666666666666,0.0
780,schooner,26,0.8461538461538461,0.8461538461538461,0.8461538461538461,0.8461538461538461,0.8461538461538461,0.0
781,scoreboard,21,1.0,0.9523809523809523,0.9523809523809523,0.9523809523809523,1.0,-0.04761904761904767
782,screen,23,0.391304347826087,0.21739130434782608,0.34782608695652173,0.30434782608695654,0.391304347826087,-0.08695652173913043
783,screw,23,0.9565217391304348,0.9565217391304348,0.9565217391304348,0.9565217391304348,0.9565217391304348,0.0
784,screwdriver,23,0.6956521739130435,0.6086956521739131,0.5652173913043478,0.6086956521739131,0.6956521739130435,-0.08695652173913038
785,seat belt,17,0.9411764705882353,1.0,0.8823529411764706,1.0,1.0,0.0
786,sewing machine,19,1.0,0.9473684210526315,0.9473684210526315,1.0,1.0,0.0
787,shield,23,0.8260869565217391,0.782608695652174,0.6956521739130435,0.782608695652174,0.8260869565217391,-0.04347826086956519
788,shoe shop,20,0.95,1.0,1.0,1.0,1.0,0.0
789,shoji,16,1.0,1.0,1.0,1.0,1.0,0.0
790,shopping basket,28,0.8928571428571429,0.7857142857142857,0.75,0.8214285714285714,0.8928571428571429,-0.07142857142857151
791,shopping cart,17,0.8823529411764706,0.7647058823529411,0.7058823529411765,0.7058823529411765,0.8823529411764706,-0.17647058823529405
792,shovel,25,0.88,0.84,0.76,0.88,0.88,0.0
793,shower cap,20,0.95,0.9,0.8,0.9,0.95,-0.04999999999999993
794,shower curtain,25,0.88,0.8,0.76,0.88,0.88,0.0
795,ski,25,0.92,0.92,0.84,0.96,0.92,0.039999999999999925
796,ski mask,19,0.7894736842105263,0.8421052631578947,0.8421052631578947,0.8421052631578947,0.8421052631578947,0.0
797,sleeping bag,17,0.8823529411764706,0.6470588235294118,0.7058823529411765,0.7647058823529411,0.8823529411764706,-0.11764705882352944
798,slide rule,19,0.7368421052631579,0.9473684210526315,0.8947368421052632,0.8421052631578947,0.9473684210526315,-0.10526315789473684
799,sliding door,25,0.64,0.6,0.48,0.64,0.64,0.0
800,slot,22,1.0,1.0,0.9545454545454546,1.0,1.0,0.0
801,snorkel,18,1.0,1.0,0.9444444444444444,0.9444444444444444,1.0,-0.05555555555555558
802,snowmobile,21,1.0,0.9523809523809523,1.0,1.0,1.0,0.0
803,snowplow,21,0.9047619047619048,0.9047619047619048,0.9523809523809523,0.9523809523809523,0.9523809523809523,0.0
804,soap dispenser,22,0.7727272727272727,0.7272727272727273,0.6818181818181818,0.7272727272727273,0.7727272727272727,-0.045454545454545414
805,soccer ball,19,1.0,0.9473684210526315,0.8421052631578947,1.0,1.0,0.0
806,sock,17,0.8235294117647058,0.7647058823529411,0.7647058823529411,0.7647058823529411,0.8235294117647058,-0.05882352941176472
807,solar dish,19,0.8421052631578947,0.8947368421052632,0.7894736842105263,0.9473684210526315,0.8947368421052632,0.05263157894736836
808,sombrero,23,0.8695652173913043,0.782608695652174,0.9130434782608695,0.8695652173913043,0.9130434782608695,-0.04347826086956519
809,soup bowl,26,0.7307692307692307,0.7692307692307693,0.5384615384615384,0.7307692307692307,0.7692307692307693,-0.03846153846153855
810,space bar,20,0.45,0.35,0.4,0.35,0.45,-0.10000000000000003
811,space heater,22,0.9090909090909091,0.8636363636363636,0.7272727272727273,0.8636363636363636,0.9090909090909091,-0.045454545454545414
812,space shuttle,25,1.0,0.96,0.96,1.0,1.0,0.0
813,spatula,21,0.6190476190476191,0.5714285714285714,0.47619047619047616,0.7619047619047619,0.6190476190476191,0.1428571428571428
814,speedboat,20,1.0,1.0,1.0,1.0,1.0,0.0
815,spider web,23,0.7391304347826086,0.6956521739130435,0.782608695652174,0.6956521739130435,0.782608695652174,-0.08695652173913049
816,spindle,23,1.0,1.0,1.0,1.0,1.0,0.0
817,sports car,20,0.55,0.6,0.6,0.6,0.6,0.0
818,spotlight,21,0.47619047619047616,0.47619047619047616,0.47619047619047616,0.42857142857142855,0.47619047619047616,-0.047619047619047616
819,stage,18,0.7777777777777778,0.7777777777777778,0.7777777777777778,0.7777777777777778,0.7777777777777778,0.0
820,steam locomotive,20,1.0,0.95,0.95,1.0,1.0,0.0
821,steel arch bridge,21,0.9523809523809523,0.9047619047619048,0.9523809523809523,0.9523809523809523,0.9523809523809523,0.0
822,steel drum,22,1.0,1.0,1.0,1.0,1.0,0.0
823,stethoscope,24,0.8333333333333334,0.75,0.7083333333333334,0.7916666666666666,0.8333333333333334,-0.04166666666666674
824,stole,25,0.84,0.76,0.72,0.76,0.84,-0.07999999999999996
825,stone wall,22,0.8181818181818182,0.8181818181818182,0.7272727272727273,0.7727272727272727,0.8181818181818182,-0.045454545454545525
826,stopwatch,28,0.75,0.6785714285714286,0.6428571428571429,0.75,0.75,0.0
827,stove,29,0.6896551724137931,0.7241379310344828,0.4827586206896552,0.7241379310344828,0.7241379310344828,0.0
828,strainer,25,0.64,0.64,0.6,0.68,0.64,0.040000000000000036
829,streetcar,18,0.9444444444444444,0.9444444444444444,0.8888888888888888,0.9444444444444444,0.9444444444444444,0.0
830,stretcher,21,0.8571428571428571,0.7142857142857143,0.6190476190476191,0.8095238095238095,0.8571428571428571,-0.04761904761904756
831,studio couch,18,0.8333333333333334,0.9444444444444444,0.8888888888888888,0.9444444444444444,0.9444444444444444,0.0
832,stupa,21,0.9047619047619048,0.9047619047619048,0.9047619047619048,0.9047619047619048,0.9047619047619048,0.0
833,submarine,19,0.9473684210526315,0.9473684210526315,0.8421052631578947,0.9473684210526315,0.9473684210526315,0.0
834,suit,26,0.9230769230769231,0.7692307692307693,0.8076923076923077,0.9230769230769231,0.9230769230769231,0.0
835,sundial,15,0.9333333333333333,0.8666666666666667,0.8666666666666667,0.9333333333333333,0.9333333333333333,0.0
836,sunglass,23,0.6086956521739131,0.6521739130434783,0.4782608695652174,0.5217391304347826,0.6521739130434783,-0.13043478260869568
837,sunglasses,22,0.45454545454545453,0.45454545454545453,0.4090909090909091,0.45454545454545453,0.45454545454545453,0.0
838,sunscreen,25,0.6,0.68,0.64,0.68,0.68,0.0
839,suspension bridge,26,0.8461538461538461,0.8076923076923077,0.8846153846153846,0.8846153846153846,0.8846153846153846,0.0
840,swab,23,0.9565217391304348,0.9565217391304348,0.9565217391304348,0.9565217391304348,0.9565217391304348,0.0
841,sweatshirt,26,0.7692307692307693,0.7307692307692307,0.5384615384615384,0.7692307692307693,0.7692307692307693,0.0
842,swimming trunks,22,0.7272727272727273,0.9090909090909091,0.6818181818181818,0.7727272727272727,0.9090909090909091,-0.13636363636363635
843,swing,26,0.8846153846153846,0.9230769230769231,0.8076923076923077,0.9230769230769231,0.9230769230769231,0.0
844,switch,20,0.8,0.85,0.75,0.8,0.85,-0.04999999999999993
845,syringe,16,0.8125,0.875,0.6875,0.875,0.875,0.0
846,table lamp,23,0.5217391304347826,0.6521739130434783,0.5217391304347826,0.6086956521739131,0.6521739130434783,-0.04347826086956519
847,tank,24,0.9583333333333334,0.9166666666666666,0.875,0.9583333333333334,0.9583333333333334,0.0
848,tape player,23,0.5217391304347826,0.4782608695652174,0.6956521739130435,0.5652173913043478,0.6956521739130435,-0.13043478260869568
849,teapot,18,0.8333333333333334,0.7777777777777778,0.7777777777777778,0.7222222222222222,0.8333333333333334,-0.11111111111111116
850,teddy,21,0.9047619047619048,0.8095238095238095,0.8571428571428571,0.9047619047619048,0.9047619047619048,0.0
851,television,20,0.85,1.0,0.8,0.9,1.0,-0.09999999999999998
852,tennis ball,21,0.9047619047619048,0.9523809523809523,0.9523809523809523,0.9523809523809523,0.9523809523809523,0.0
853,thatch,27,0.9629629629629629,0.8888888888888888,0.9259259259259259,0.9259259259259259,0.9629629629629629,-0.03703703703703698
854,theater curtain,19,0.7894736842105263,0.7894736842105263,0.7894736842105263,0.8421052631578947,0.7894736842105263,0.05263157894736836
855,thimble,22,0.8636363636363636,0.8181818181818182,0.8181818181818182,0.9090909090909091,0.8636363636363636,0.045454545454545414
856,thresher,21,0.5714285714285714,0.6190476190476191,0.47619047619047616,0.5714285714285714,0.6190476190476191,-0.04761904761904767
857,throne,32,0.875,0.84375,0.78125,0.875,0.875,0.0
858,tile roof,23,0.8695652173913043,0.8695652173913043,0.8260869565217391,0.8695652173913043,0.8695652173913043,0.0
859,toaster,24,0.9166666666666666,0.9166666666666666,0.875,0.9166666666666666,0.9166666666666666,0.0
860,tobacco shop,17,0.5882352941176471,0.6470588235294118,0.6470588235294118,0.6470588235294118,0.6470588235294118,0.0
861,toilet seat,21,0.9047619047619048,0.7619047619047619,0.7619047619047619,0.9047619047619048,0.9047619047619048,0.0
862,torch,28,0.8928571428571429,0.8928571428571429,0.7857142857142857,0.9285714285714286,0.8928571428571429,0.0357142857142857
863,totem pole,19,1.0,0.9473684210526315,1.0,1.0,1.0,0.0
864,tow truck,25,0.72,0.76,0.72,0.76,0.76,0.0
865,toyshop,23,0.6956521739130435,0.6956521739130435,0.6956521739130435,0.6956521739130435,0.6956521739130435,0.0
866,tractor,23,1.0,0.9565217391304348,0.9565217391304348,1.0,1.0,0.0
867,trailer truck,28,0.9642857142857143,0.9642857142857143,0.8928571428571429,0.9642857142857143,0.9642857142857143,0.0
868,tray,21,0.6666666666666666,0.6190476190476191,0.6666666666666666,0.7142857142857143,0.6666666666666666,0.04761904761904767
869,trench coat,25,0.84,0.84,0.84,0.84,0.84,0.0
870,tricycle,23,0.9130434782608695,0.9130434782608695,0.8695652173913043,0.9130434782608695,0.9130434782608695,0.0
871,trimaran,23,0.9130434782608695,0.9130434782608695,0.8695652173913043,0.9130434782608695,0.9130434782608695,0.0
872,tripod,20,0.85,0.8,0.95,0.85,0.95,-0.09999999999999998
873,triumphal arch,23,1.0,0.9565217391304348,1.0,1.0,1.0,0.0
874,trolleybus,22,1.0,1.0,1.0,1.0,1.0,0.0
875,trombone,26,0.9230769230769231,0.8846153846153846,0.8076923076923077,0.8461538461538461,0.9230769230769231,-0.07692307692307698
876,tub,23,0.5217391304347826,0.391304347826087,0.43478260869565216,0.4782608695652174,0.5217391304347826,-0.04347826086956519
877,turnstile,19,1.0,0.9473684210526315,0.8947368421052632,0.9473684210526315,1.0,-0.052631578947368474
878,typewriter keyboard,23,0.9130434782608695,0.8695652173913043,0.8695652173913043,0.9130434782608695,0.9130434782608695,0.0
879,umbrella,21,0.9523809523809523,0.9047619047619048,0.8571428571428571,0.9523809523809523,0.9523809523809523,0.0
880,unicycle,22,1.0,0.9545454545454546,0.9545454545454546,1.0,1.0,0.0
881,upright,22,0.9545454545454546,0.9090909090909091,0.9090909090909091,0.9545454545454546,0.9545454545454546,0.0
882,vacuum,19,1.0,1.0,0.8421052631578947,1.0,1.0,0.0
883,vase,23,0.7391304347826086,0.6086956521739131,0.7391304347826086,0.6956521739130435,0.7391304347826086,-0.04347826086956519
884,vault,19,0.7894736842105263,0.7894736842105263,0.7894736842105263,0.7894736842105263,0.7894736842105263,0.0
885,velvet,23,0.30434782608695654,0.34782608695652173,0.30434782608695654,0.34782608695652173,0.34782608695652173,0.0
886,vending machine,25,1.0,0.96,0.96,1.0,1.0,0.0
887,vestment,19,0.7894736842105263,0.7894736842105263,0.7368421052631579,0.8421052631578947,0.7894736842105263,0.05263157894736836
888,viaduct,21,0.9047619047619048,0.9047619047619048,0.9047619047619048,0.9523809523809523,0.9047619047619048,0.04761904761904756
889,violin,25,0.92,0.84,0.8,0.84,0.92,-0.08000000000000007
890,volleyball,24,1.0,1.0,1.0,1.0,1.0,0.0
891,waffle iron,14,0.9285714285714286,0.8571428571428571,0.8571428571428571,0.9285714285714286,0.9285714285714286,0.0
892,wall clock,21,0.8571428571428571,0.6666666666666666,0.7619047619047619,0.8095238095238095,0.8571428571428571,-0.04761904761904756
893,wallet,25,0.92,0.84,0.8,0.92,0.92,0.0
894,wardrobe,27,0.9259259259259259,0.9259259259259259,0.8148148148148148,0.9259259259259259,0.9259259259259259,0.0
895,warplane,28,0.9285714285714286,0.9642857142857143,0.8928571428571429,0.9642857142857143,0.9642857142857143,0.0
896,washbasin,21,0.8571428571428571,0.8095238095238095,0.8095238095238095,0.8571428571428571,0.8571428571428571,0.0
897,washer,20,0.9,0.95,0.9,0.95,0.95,0.0
898,water bottle,23,0.6956521739130435,0.7391304347826086,0.6956521739130435,0.6956521739130435,0.7391304347826086,-0.04347826086956519
899,water jug,24,0.3333333333333333,0.4583333333333333,0.375,0.4583333333333333,0.4583333333333333,0.0
900,water tower,14,1.0,0.9285714285714286,1.0,1.0,1.0,0.0
901,whiskey jug,17,0.7647058823529411,0.7058823529411765,0.6470588235294118,0.7058823529411765,0.7647058823529411,-0.05882352941176461
902,whistle,23,0.9565217391304348,0.9130434782608695,0.8695652173913043,0.9130434782608695,0.9565217391304348,-0.0434782608695653
903,wig,24,0.9166666666666666,0.9166666666666666,0.875,0.9166666666666666,0.9166666666666666,0.0
904,window screen,27,0.7407407407407407,0.7037037037037037,0.7407407407407407,0.7407407407407407,0.7407407407407407,0.0
905,window shade,25,0.8,0.68,0.68,0.8,0.8,0.0
906,Windsor tie,26,0.5769230769230769,0.5384615384615384,0.5384615384615384,0.5384615384615384,0.5769230769230769,-0.038461538461538436
907,wine bottle,24,0.625,0.5416666666666666,0.5,0.6666666666666666,0.625,0.04166666666666663
908,wing,21,0.6666666666666666,0.8095238095238095,0.7619047619047619,0.7619047619047619,0.8095238095238095,-0.04761904761904767
909,wok,22,0.6363636363636364,0.8181818181818182,0.7272727272727273,0.7727272727272727,0.8181818181818182,-0.045454545454545525
910,wooden spoon,24,0.875,0.875,0.9166666666666666,0.9583333333333334,0.9166666666666666,0.04166666666666674
911,wool,21,0.5238095238095238,0.5238095238095238,0.5714285714285714,0.5714285714285714,0.5714285714285714,0.0
912,worm fence,25,0.96,0.84,0.84,0.88,0.96,-0.07999999999999996
913,wreck,24,0.9583333333333334,0.9583333333333334,0.9166666666666666,1.0,0.9583333333333334,0.04166666666666663
914,yawl,21,0.7619047619047619,0.7619047619047619,0.8095238095238095,0.7619047619047619,0.8095238095238095,-0.04761904761904767
915,yurt,24,1.0,1.0,1.0,1.0,1.0,0.0
916,web site,19,1.0,0.9473684210526315,0.9473684210526315,0.9473684210526315,1.0,-0.052631578947368474
917,comic book,24,0.75,0.875,0.8333333333333334,0.875,0.875,0.0
918,crossword puzzle,29,0.9310344827586207,0.896551724137931,0.8620689655172413,0.9655172413793104,0.9310344827586207,0.034482758620689724
919,street sign,23,0.782608695652174,0.8260869565217391,0.8260869565217391,0.8260869565217391,0.8260869565217391,0.0
920,traffic light,18,1.0,1.0,1.0,1.0,1.0,0.0
921,book jacket,19,0.6842105263157895,0.7894736842105263,0.7894736842105263,0.7894736842105263,0.7894736842105263,0.0
922,menu,13,1.0,1.0,0.9230769230769231,1.0,1.0,0.0
923,plate,24,0.625,0.5416666666666666,0.5,0.625,0.625,0.0
924,guacamole,21,1.0,0.9523809523809523,0.8095238095238095,0.9523809523809523,1.0,-0.04761904761904767
925,consomme,22,0.6818181818181818,0.45454545454545453,0.5454545454545454,0.5454545454545454,0.6818181818181818,-0.13636363636363635
926,hot pot,24,0.9583333333333334,0.9583333333333334,0.9166666666666666,0.9583333333333334,0.9583333333333334,0.0
927,trifle,29,1.0,0.9655172413793104,0.9655172413793104,0.9655172413793104,1.0,-0.03448275862068961
928,ice cream,28,0.8214285714285714,0.7857142857142857,0.75,0.7857142857142857,0.8214285714285714,-0.0357142857142857
929,ice lolly,25,0.88,0.92,0.84,0.88,0.92,-0.040000000000000036
930,French loaf,23,0.782608695652174,0.782608695652174,0.6521739130434783,0.782608695652174,0.782608695652174,0.0
931,bagel,26,1.0,0.9615384615384616,0.9230769230769231,1.0,1.0,0.0
932,pretzel,24,0.875,0.875,0.875,0.875,0.875,0.0
933,cheeseburger,18,1.0,0.9444444444444444,1.0,1.0,1.0,0.0
934,hotdog,22,0.9090909090909091,0.9545454545454546,0.9545454545454546,0.9090909090909091,0.9545454545454546,-0.045454545454545525
935,mashed potato,22,0.7727272727272727,0.7272727272727273,0.6818181818181818,0.7272727272727273,0.7727272727272727,-0.045454545454545414
936,head cabbage,15,1.0,1.0,1.0,1.0,1.0,0.0
937,broccoli,20,1.0,1.0,1.0,1.0,1.0,0.0
938,cauliflower,20,0.9,0.9,0.9,0.9,0.9,0.0
939,zucchini,19,1.0,0.8947368421052632,0.8421052631578947,1.0,1.0,0.0
940,spaghetti squash,24,0.875,0.8333333333333334,0.875,0.875,0.875,0.0
941,acorn squash,22,1.0,0.9090909090909091,0.9545454545454546,1.0,1.0,0.0
942,butternut squash,19,0.8421052631578947,0.7894736842105263,0.7368421052631579,0.8947368421052632,0.8421052631578947,0.052631578947368474
943,cucumber,23,0.9565217391304348,0.9565217391304348,0.8695652173913043,0.9565217391304348,0.9565217391304348,0.0
944,artichoke,21,0.8571428571428571,0.8095238095238095,0.8571428571428571,0.8095238095238095,0.8571428571428571,-0.04761904761904756
945,bell pepper,24,0.9583333333333334,0.9166666666666666,0.8333333333333334,0.9166666666666666,0.9583333333333334,-0.04166666666666674
946,cardoon,17,0.8823529411764706,0.8823529411764706,0.8235294117647058,0.8823529411764706,0.8823529411764706,0.0
947,mushroom,27,0.4444444444444444,0.5185185185185185,0.48148148148148145,0.48148148148148145,0.5185185185185185,-0.037037037037037035
948,Granny Smith,19,1.0,0.8947368421052632,0.8947368421052632,0.9473684210526315,1.0,-0.052631578947368474
949,strawberry,19,0.7894736842105263,0.7368421052631579,0.6842105263157895,0.7894736842105263,0.7894736842105263,0.0
950,orange,28,0.8571428571428571,0.7857142857142857,0.7142857142857143,0.8571428571428571,0.8571428571428571,0.0
951,lemon,21,0.9047619047619048,0.8095238095238095,0.8571428571428571,0.8571428571428571,0.9047619047619048,-0.04761904761904767
952,fig,18,0.9444444444444444,0.8333333333333334,0.8333333333333334,0.8333333333333334,0.9444444444444444,-0.11111111111111105
953,pineapple,25,0.96,0.96,0.92,0.96,0.96,0.0
954,banana,25,0.92,0.84,0.84,0.88,0.92,-0.040000000000000036
955,jackfruit,22,1.0,1.0,1.0,1.0,1.0,0.0
956,custard apple,16,1.0,1.0,1.0,1.0,1.0,0.0
957,pomegranate,27,0.9629629629629629,0.9259259259259259,0.8888888888888888,0.9259259259259259,0.9629629629629629,-0.03703703703703698
958,hay,26,0.9615384615384616,0.9615384615384616,0.9230769230769231,0.9615384615384616,0.9615384615384616,0.0
959,carbonara,25,0.96,0.96,0.96,0.96,0.96,0.0
960,chocolate sauce,20,0.75,0.75,0.6,0.7,0.75,-0.050000000000000044
961,dough,22,0.7272727272727273,0.6818181818181818,0.5909090909090909,0.7272727272727273,0.7272727272727273,0.0
962,meat loaf,23,0.7391304347826086,0.6956521739130435,0.7391304347826086,0.7391304347826086,0.7391304347826086,0.0
963,pizza,14,0.8571428571428571,0.8571428571428571,0.8571428571428571,0.8571428571428571,0.8571428571428571,0.0
964,potpie,28,0.9285714285714286,0.9285714285714286,0.7142857142857143,0.8928571428571429,0.9285714285714286,-0.0357142857142857
965,burrito,19,0.9473684210526315,0.9473684210526315,0.7368421052631579,0.8947368421052632,0.9473684210526315,-0.05263157894736836
966,red wine,20,0.65,0.7,0.7,0.7,0.7,0.0
967,espresso,23,0.8695652173913043,0.8695652173913043,0.6956521739130435,0.8695652173913043,0.8695652173913043,0.0
968,cup,20,0.55,0.5,0.45,0.55,0.55,0.0
969,eggnog,19,0.6842105263157895,0.7894736842105263,0.6842105263157895,0.8421052631578947,0.7894736842105263,0.05263157894736836
970,alp,21,0.8571428571428571,0.7142857142857143,0.6190476190476191,0.7619047619047619,0.8571428571428571,-0.09523809523809523
971,bubble,15,1.0,0.9333333333333333,0.9333333333333333,0.9333333333333333,1.0,-0.06666666666666665
972,cliff,25,0.72,0.68,0.64,0.72,0.72,0.0
973,coral reef,18,0.6666666666666666,0.5555555555555556,0.7222222222222222,0.6666666666666666,0.7222222222222222,-0.05555555555555558
974,geyser,25,1.0,1.0,0.96,1.0,1.0,0.0
975,lakeside,17,0.7058823529411765,0.7058823529411765,0.7058823529411765,0.7647058823529411,0.7058823529411765,0.05882352941176461
976,promontory,24,0.5833333333333334,0.7083333333333334,0.5416666666666666,0.5416666666666666,0.7083333333333334,-0.16666666666666674
977,sandbar,23,0.7391304347826086,0.782608695652174,0.6521739130434783,0.7391304347826086,0.782608695652174,-0.0434782608695653
978,seashore,16,0.4375,0.375,0.375,0.375,0.4375,-0.0625
979,valley,23,0.8260869565217391,0.782608695652174,0.7391304347826086,0.8695652173913043,0.8260869565217391,0.04347826086956519
980,volcano,18,1.0,0.9444444444444444,1.0,1.0,1.0,0.0
981,ballplayer,19,0.8947368421052632,0.7894736842105263,0.7894736842105263,0.8421052631578947,0.8947368421052632,-0.052631578947368474
982,groom,24,0.8333333333333334,0.9166666666666666,0.8333333333333334,0.9166666666666666,0.9166666666666666,0.0
983,scuba diver,25,0.96,0.92,0.96,0.96,0.96,0.0
984,rapeseed,28,1.0,1.0,0.9642857142857143,1.0,1.0,0.0
985,daisy,26,1.0,1.0,1.0,1.0,1.0,0.0
986,yellow lady's slipper,24,1.0,1.0,1.0,1.0,1.0,0.0
987,corn,17,0.5294117647058824,0.5882352941176471,0.5294117647058824,0.5882352941176471,0.5882352941176471,0.0
988,acorn,23,1.0,1.0,1.0,1.0,1.0,0.0
989,hip,21,1.0,1.0,1.0,1.0,1.0,0.0
990,buckeye,23,1.0,1.0,1.0,1.0,1.0,0.0
991,coral fungus,25,0.96,0.96,0.96,0.96,0.96,0.0
992,agaric,21,0.8571428571428571,0.8571428571428571,0.8571428571428571,0.8571428571428571,0.8571428571428571,0.0
993,gyromitra,28,1.0,1.0,1.0,1.0,1.0,0.0
994,stinkhorn,25,0.96,0.92,0.92,0.92,0.96,-0.039999999999999925
995,earthstar,29,1.0,1.0,1.0,1.0,1.0,0.0
996,hen-of-the-woods,22,0.9545454545454546,0.9090909090909091,0.9545454545454546,0.9545454545454546,0.9545454545454546,0.0
997,bolete,25,0.64,0.68,0.64,0.72,0.68,0.039999999999999925
998,ear,24,0.5833333333333334,0.6666666666666666,0.5,0.5833333333333334,0.6666666666666666,-0.08333333333333326
999,toilet tissue,24,0.6666666666666666,0.6666666666666666,0.7083333333333334,0.7083333333333334,0.7083333333333334,0.0
